TSP,TSP Name,TSP FERC CID,Date/Time,Comments,Loc,Loc Name,Dir Flo,Loc Cnty,Loc St Abbrev,Loc Type Ind,Loc Zone (Rec),Loc Zone (Del),Seg Nbr,Nom Ind,Loc Stat Ind,Eff Date,Inact Date,Up/Dn Ind,Up/Dn Name,Up/Dn ID,Up/Dn ID Prop,Up/Dn FERC CID Ind,Up/Dn FERC CID,Up/Dn Loc,Up/Dn Loc Name,Up/Dn Loc 2,Up/Dn Loc Name2,Update D/T
6914865,COLORADO INTERSTATE GAS CO.,C000981,20260331 09:39,Blanks under Up/Dn Loc and Up/Dn Loc Name indicate Third Party information is not applicable.,47848,JACKALOP/WIC (BKD) BUCKING HORSE DE,D,CONVERSE,WY,END,WIC MB,WIC MB,460,Y,A,20250407,,Y,JACKALOPE GAS GATHERING SERVICES  L.L.C.,57520276,9268,N,,,,,,20250408 09:00
6914865,COLORADO INTERSTATE GAS CO.,C000981,20260331 09:39,Blanks under Up/Dn Loc and Up/Dn Loc Name indicate Third Party information is not applicable.,47849,JACKALOP/WIC (BKH) BUCKING HORSE RE,R,CONVERSE,WY,PLT,WIC MB,WIC MB,460,Y,A,20201001,,Y,JACKALOPE GAS GATHERING SERVICES  L.L.C.,57520276,9268,N,,,,,,20201019 09:00
6914865,COLORADO INTERSTATE GAS CO.,C000981,20260331 09:39,Blanks under Up/Dn Loc and Up/Dn Loc Name indicate Third Party information is not applicable.,47967,BHWYGAS/CIG (CKC) CHOKECHERRY BI-DI,B,CARBON,WY,LDC,CIG ML,CIG ML,156,Y,A,20141001,,Y,BLACK HILLS WYOMING GAS  LLC,117003540,10654,Y,C010420,7773,KM/CIG CHOKECHERRY - DELIVERY,7772,KM/CIG CHOKECHERRY - RECEIPT,20220215 09:00
6914865,COLORADO INTERSTATE GAS CO.,C000981,20260331 09:39,Blanks under Up/Dn Loc and Up/Dn Loc Name indicate Third Party information is not applicable.,47968,BHWYGAS/WIC (WAL) WALCOTT JUNCTION,B,CARBON,WY,LDC,WIC ML,WIC ML,433,Y,A,20141024,,Y,BLACK HILLS WYOMING GAS  LLC,117003540,10654,Y,C010420,7771,KM/WIC WALCOTT JUNCTION - DELIVERY,7770,KM/WIC WALCOTT JUNCTION - RECEIPT,20220215 09:00
6914865,COLORADO INTERSTATE GAS CO.,C000981,20260331 09:39,Blanks under Up/Dn Loc and Up/Dn Loc Name indicate Third Party information is not applicable.,47998,WESWATBG/CIG (KLG) KLUG LAKE DEL WE,D,WELD,CO,END,CIG HP,CIG HP,186,Y,A,20230418,,Y,WES WATTENBERG OIL COMPLEX LLC,117871760,10826,N,,,,,,20230501 09:00
6914865,COLORADO INTERSTATE GAS CO.,C000981,20260331 09:39,Blanks under Up/Dn Loc and Up/Dn Loc Name indicate Third Party information is not applicable.,47999,DCP OPER/CIG (LUC) LUCERNE REC WELD,R,WELD,CO,PLT,CIG HP,CIG HP,180,Y,A,20240901,,Y,DCP OPERATING COMPANY  LP,3048753,3368,Y,C011323,47999,(LUC) LUCERNE REC,,,20240917 12:00
6914865,COLORADO INTERSTATE GAS CO.,C000981,20260331 09:39,Blanks under Up/Dn Loc and Up/Dn Loc Name indicate Third Party information is not applicable.,48646,ROARFORK/WIC (SLO) SILO PLANT REC W,R,WELD,CO,PLT,WIC ML,WIC ML,448,Y,A,20221215,,Y,ROARING FORK INTERSTATE GAS TRANSMISSION  LLC,,10998,Y,C011574,48646,(SLO) SILO PLANT,,,20231004 09:00
6914865,COLORADO INTERSTATE GAS CO.,C000981,20260331 09:39,Blanks under Up/Dn Loc and Up/Dn Loc Name indicate Third Party information is not applicable.,49051,ROCKYMTN/CIG (PWF) PRAIRIE WOLF REC,R,WELD,CO,GTH,CIG ML,CIG ML,218,Y,A,20221215,,Y,ROCKY MOUNTAIN MIDSTREAM LLC,80318307,9662,N,,,,,,20221216 09:00
6914865,COLORADO INTERSTATE GAS CO.,C000981,20260331 09:39,Blanks under Up/Dn Loc and Up/Dn Loc Name indicate Third Party information is not applicable.,49057,RMNG/CIG (RFR) RIFLE DEL (RMNG) GAR,D,GARFIELD,CO,VIR,CIG ML,CIG ML,116,Y,A,20160601,,Y,ROCKY MOUNTAIN NATURAL GAS LLC,601986763,61,Y,C001651,49057,CIG/RMNG RIFLE DEL,,,20200827 15:00
6914865,COLORADO INTERSTATE GAS CO.,C000981,20260331 09:39,Blanks under Up/Dn Loc and Up/Dn Loc Name indicate Third Party information is not applicable.,49655,ROCKYMTN/CIG (PDG) PRAIRIE DOG REC,R,WELD,CO,GTH,CIG ML,CIG ML,218,Y,A,20240901,,Y,ROCKY MOUNTAIN MIDSTREAM LLC,80318307,9662,N,,,,,,20240917 12:00
6914865,COLORADO INTERSTATE GAS CO.,C000981,20260331 09:39,Blanks under Up/Dn Loc and Up/Dn Loc Name indicate Third Party information is not applicable.,49849,DCP OPER/CIG (GOB) GODFREY BOTTOMS,D,WELD,CO,END,CIG ML,CIG ML,218,Y,A,20250407,,Y,DCP OPERATING COMPANY  LP,3048753,3368,Y,C011323,49849,(GOB) GODFREY BOTTOMS DEL,,,20250408 09:00
6914865,COLORADO INTERSTATE GAS CO.,C000981,20260331 09:39,Blanks under Up/Dn Loc and Up/Dn Loc Name indicate Third Party information is not applicable.,49942,WILLFRRA/CIG (JMC) JIM CREEK REC WE,R,WELD,CO,PLT,CIG HP,CIG HP,244,Y,A,20221215,,Y,WILLIAMS FRONT RANGE  LLC,81062030,10370,N,,,,,,20231220 09:00
6914865,COLORADO INTERSTATE GAS CO.,C000981,20260331 09:39,Blanks under Up/Dn Loc and Up/Dn Loc Name indicate Third Party information is not applicable.,49945,DCP OPER/CIG (BOR) BOURN RECEIPT WE,R,WELD,CO,PLT,CIG ML,CIG ML,218,Y,A,20211006,,Y,DCP OPERATING COMPANY  LP,3048753,3368,Y,C011323,49945,(BOR) BOURN RECEIPT,,,20220525 09:00
6914865,COLORADO INTERSTATE GAS CO.,C000981,20260331 09:39,Blanks under Up/Dn Loc and Up/Dn Loc Name indicate Third Party information is not applicable.,50473,BLHILLSH/CIG (STP) SILVERTIP DEL PA,D,PARK,WY,INT,CIG ML,CIG ML,142,Y,A,20240901,,Y,BLACK HILLS SHOSHONE PIPELINE  LLC,79919091,10450,Y,C004686,50473,CIG/BHSP SILVERTIP RECEIPT,,,20240917 12:00
6914865,COLORADO INTERSTATE GAS CO.,C000981,20260331 09:39,Blanks under Up/Dn Loc and Up/Dn Loc Name indicate Third Party information is not applicable.,50517,DCP OPER/CIG (BOD) BOURN DEL WELD,D,WELD,CO,PLT,CIG ML,CIG ML,218,Y,A,20210806,,Y,DCP OPERATING COMPANY  LP,3048753,3368,Y,C011323,50517,(BOD) BOURN DEL,,,20220525 09:00
6914865,COLORADO INTERSTATE GAS CO.,C000981,20260331 09:39,Blanks under Up/Dn Loc and Up/Dn Loc Name indicate Third Party information is not applicable.,50575,REP PROC/CIG (PIE) PIERCE REC WELD,R,WELD,CO,PLT,CIG ML,CIG ML,218,Y,A,20240901,,Y,REP PROCESSING LLC,117003906,10402,N,,,,,,20250626 09:00
6914865,COLORADO INTERSTATE GAS CO.,C000981,20260331 09:39,Blanks under Up/Dn Loc and Up/Dn Loc Name indicate Third Party information is not applicable.,50608,ROCKYMTN/CIG (PHO) PRAIRIE HOUND RE,R,WELD,CO,GTH,CIG HP,CIG HP,242,Y,A,20240901,,Y,ROCKY MOUNTAIN MIDSTREAM LLC,80318307,9662,N,,,,,,20240917 12:00
6914865,COLORADO INTERSTATE GAS CO.,C000981,20260331 09:39,Blanks under Up/Dn Loc and Up/Dn Loc Name indicate Third Party information is not applicable.,53726,ROCKYMTN/CIG (PHF) PRAIRIE HOUND PF,D,WELD,CO,GTH,CIG HP,CIG HP,242,Y,A,20240901,,Y,ROCKY MOUNTAIN MIDSTREAM LLC,80318307,9662,N,,,,,,20240917 12:00
6914865,COLORADO INTERSTATE GAS CO.,C000981,20260331 09:39,Blanks under Up/Dn Loc and Up/Dn Loc Name indicate Third Party information is not applicable.,53782,FRORAPI/CIG (EVR) EVERETT DEL BACA,D,BACA,CO,END,CIG ML,CIG ML,274,Y,A,20200406,,Y,FRONT RANGE PIPELINE LLC,78712880,10490,N,,,,,,20200827 15:00
6914865,COLORADO INTERSTATE GAS CO.,C000981,20260331 09:39,Blanks under Up/Dn Loc and Up/Dn Loc Name indicate Third Party information is not applicable.,53893,CIG/CIG (HIF) HIGH FIVE WELD,B,WELD,CO,VIR,HIGHFIVE,HIGHFIVE,190,Y,A,20240901,,N,,,,,,,,,,20240917 12:00
6914865,COLORADO INTERSTATE GAS CO.,C000981,20260331 09:39,Blanks under Up/Dn Loc and Up/Dn Loc Name indicate Third Party information is not applicable.,54079,CIG/CIG (DUC) DUCK CREEK LARAMIE,B,LARAMIE,WY,VIR,CIG ML,CIG ML,162,Y,A,20190901,,N,,,,,,,,,,20200827 15:00
6914865,COLORADO INTERSTATE GAS CO.,C000981,20260331 09:39,Blanks under Up/Dn Loc and Up/Dn Loc Name indicate Third Party information is not applicable.,54080,CIG/CIG (SOP) SOAPSTONE WELD,B,WELD,CO,VIR,CIG ML,CIG ML,183,N,I,,20241101,N,,,,,,,,,,20241101 12:00
6914865,COLORADO INTERSTATE GAS CO.,C000981,20260331 09:39,Blanks under Up/Dn Loc and Up/Dn Loc Name indicate Third Party information is not applicable.,54092,CIG/CIG DAVIS LAKE WELD,R,WELD,CO,VIR,CIG HP,CIG HP,188,N,I,,20190501,N,,,,,,,,,,20200827 15:00
6914865,COLORADO INTERSTATE GAS CO.,C000981,20260331 09:39,Blanks under Up/Dn Loc and Up/Dn Loc Name indicate Third Party information is not applicable.,54862,RICHACRE/CIG (CRD) CIRRUS DELIVERY,D,MORTON,KS,END,CIG ML,CIG ML,284,Y,A,20201101,,Y,RICHFIELD ACRES  LLC,70408032,10773,N,,54862,CIRRUS DELIVERY,,,20201124 09:00
6914865,COLORADO INTERSTATE GAS CO.,C000981,20260331 09:39,Blanks under Up/Dn Loc and Up/Dn Loc Name indicate Third Party information is not applicable.,55320,BHSC/CIG (EKD) ELKHART DELIVERY MOR,D,MORTON,KS,LDC,CIG ML,CIG ML,284,Y,A,20210601,,Y,BLACK HILLS SERVICE COMPANY  LLC,79534838,10500,N,,55320,ELKHART DELIVERY,,,20210601 09:00
6914865,COLORADO INTERSTATE GAS CO.,C000981,20260331 09:39,Blanks under Up/Dn Loc and Up/Dn Loc Name indicate Third Party information is not applicable.,55957,PSCC/CIG (SPD) S. PUEBLO DEL 24B PU,D,PUEBLO,CO,VIR,CIG ML,CIG ML,209,Y,A,20221201,,N,,,,,,,,,,20230124 12:00
6914865,COLORADO INTERSTATE GAS CO.,C000981,20260331 09:39,Blanks under Up/Dn Loc and Up/Dn Loc Name indicate Third Party information is not applicable.,55958,CIG/CIG (SPU) S. PUEBLO REC 248A PU,B,PUEBLO,CO,VIR,CIG ML,CIG ML,209,N,A,20230112,,N,,,,,,,,,,20230706 09:00
6914865,COLORADO INTERSTATE GAS CO.,C000981,20260331 09:39,Blanks under Up/Dn Loc and Up/Dn Loc Name indicate Third Party information is not applicable.,56024,COLSAND/CIG (MND) MINING DELIVERY W,D,WELD,CO,END,CIG HP,CIG HP,242,Y,A,20221201,,Y,COLORADO SAND COMPANY  LLC,111405519,10770,N,,,,,,20221229 15:00
6914865,COLORADO INTERSTATE GAS CO.,C000981,20260331 09:39,Blanks under Up/Dn Loc and Up/Dn Loc Name indicate Third Party information is not applicable.,57501,MNT PEAK/CIG (PKD) PEAK DELIVERY WE,D,WELD,CO,EGN,CIG HP,CIG HP,242,Y,A,20250301,,Y,MOUNTAIN PEAK POWER  LLC,119191956,11309,N,,,,,,20250415 09:00
6914865,COLORADO INTERSTATE GAS CO.,C000981,20260331 09:39,Blanks under Up/Dn Loc and Up/Dn Loc Name indicate Third Party information is not applicable.,57882,LIBPOWER/CIG (CVD) CENTENNIAL VALLE,D,WELD,CO,END,CIG HP,CIG HP,180,Y,A,20251001,,Y,LIBERTY POWER INNOVATIONS LLC,118969287,11182,N,,,,,,20260330 15:00
6914865,COLORADO INTERSTATE GAS CO.,C000981,20260331 09:39,Blanks under Up/Dn Loc and Up/Dn Loc Name indicate Third Party information is not applicable.,57895,COREELEC/CIG (LCO) CORE LIMON PP LI,D,LINCOLN,CO,EGN,CIG ML,CIG ML,262,Y,A,20260101,,Y,CORE ELECTRIC COOPERATIVE,6865273,11415,N,,57895,COREELEC/CIG (LCO) CORE LIMON PP,,,20260105 12:00
6914865,COLORADO INTERSTATE GAS CO.,C000981,20260331 09:39,Blanks under Up/Dn Loc and Up/Dn Loc Name indicate Third Party information is not applicable.,57917,DCP OPER/CIG (LUD) LUCERNE DELIVERY,D,WELD,CO,PLT,CIG HP,CIG HP,180,Y,A,20251028,,Y,DCP OPERATING COMPANY  LP,3048753,3368,Y,C011323,57917,(LUD) LUCERNE DELIVERY,,,20251103 12:00
6914865,COLORADO INTERSTATE GAS CO.,C000981,20260331 09:39,Blanks under Up/Dn Loc and Up/Dn Loc Name indicate Third Party information is not applicable.,57947,CONATGAS/CIG (CEM) CEMENTOS DELIVER,D,PUEBLO,CO,LDC,CIG NR2,CIG NR2,240,Y,I,,20251201,Y,COLORADO NATURAL GAS  INC.,31675325,8181,N,,,CEMENTOS DELIVERY,,,20251215 15:00
6914865,COLORADO INTERSTATE GAS CO.,C000981,20260331 09:39,Blanks under Up/Dn Loc and Up/Dn Loc Name indicate Third Party information is not applicable.,291035,BLKHILLS/CIG (CIT) COLORADO IRRIGAT,D,WELD,CO,LDC,CIG ML,CIG ML,256,Y,A,20240901,,Y,BLACK HILLS COLORADO GAS  INC. D/B/A BLACK HILLS ENERGY,829482046,10806,N,,,,,,20250902 12:00
6914865,COLORADO INTERSTATE GAS CO.,C000981,20260331 09:39,Blanks under Up/Dn Loc and Up/Dn Loc Name indicate Third Party information is not applicable.,291647,LAMUTIL/CIG (LUB) LAMAR UTILITIES P,D,BENT,CO,END,CIG ML,CIG ML,266,Y,A,20230202,,Y,LAMAR UTILITIES BOARD,60622594,8195,N,,,,,,20230202 15:00
6914865,COLORADO INTERSTATE GAS CO.,C000981,20260331 09:39,Blanks under Up/Dn Loc and Up/Dn Loc Name indicate Third Party information is not applicable.,291655,ANG/CIG (HUM) J. HUME BACA,D,BACA,CO,LDC,CIG ML,CIG ML,230,Y,A,20141101,,Y,AMARILLO NATURAL GAS  INC.,183128321,13510,N,,,,,,20200827 15:00
6914865,COLORADO INTERSTATE GAS CO.,C000981,20260331 09:39,Blanks under Up/Dn Loc and Up/Dn Loc Name indicate Third Party information is not applicable.,291660,CTYLKN/CIG (LPG) LAKIN POWER GENERA,D,KEARNY,KS,LDC,CIG ML,CIG ML,282,N,I,,20200612,Y,CITY OF LAKIN  KANSAS,48069710,9442,N,,,,,,20200827 15:00
6914865,COLORADO INTERSTATE GAS CO.,C000981,20260331 09:39,Blanks under Up/Dn Loc and Up/Dn Loc Name indicate Third Party information is not applicable.,291661,TPC/CIG (TOM) TOMAHAWK WELD,D,WELD,CO,INT,CIG ML,CIG ML,174,Y,A,20230202,,Y,TRAILBLAZER PIPELINE COMPANY LLC,13665749,24,Y,C000229,3856,CIG/TPC TOMAHAWK WELD,,,20230202 15:00
6914865,COLORADO INTERSTATE GAS CO.,C000981,20260331 09:39,Blanks under Up/Dn Loc and Up/Dn Loc Name indicate Third Party information is not applicable.,291664,NNG/CIG (MDK) MEADOWLARK FINNEY,D,FINNEY,KS,INT,CIG ML,CIG ML,282,Y,A,20221215,,Y,NORTHERN NATURAL GAS COMPANY,784158214,2950,Y,C000060,22966,CIG GARDEN CITY INTERCONNECT,,,20221216 09:00
6914865,COLORADO INTERSTATE GAS CO.,C000981,20260331 09:39,Blanks under Up/Dn Loc and Up/Dn Loc Name indicate Third Party information is not applicable.,291665,WFS/CIG (KIN) KING METER STATION LI,R,LINCOLN,WY,PLT,CIG ML,CIG ML,100,Y,A,20240901,,Y,WILLIAMS FIELD SERVICES COMPANY  LLC,879847010,1086,N,,,,,,20240918 12:00
6914865,COLORADO INTERSTATE GAS CO.,C000981,20260331 09:39,Blanks under Up/Dn Loc and Up/Dn Loc Name indicate Third Party information is not applicable.,291666,SSC GPL/CIG (FRS) FLORIS BEAVER,D,BEAVER,OK,INT,CIG ML,CIG ML,290,Y,A,20250407,,Y,SOUTHERN STAR CENTRAL GAS PIPELINE  INC.,7906233,2276,Y,C000374,15266,CIG FLORIS,,,20250408 09:00
6914865,COLORADO INTERSTATE GAS CO.,C000981,20260331 09:39,Blanks under Up/Dn Loc and Up/Dn Loc Name indicate Third Party information is not applicable.,291683,TALLGRAS/CIG (SYR) SYRACUSE HAMILTO,D,HAMILTON,KS,END,CIG ML,CIG ML,280,Y,A,20160407,,Y,TALLGRASS INTERSTATE GAS TRANSMISSION  LLC,828257431,18,Y,C000597,40409,CIG/TIGT SYRACUSE HAMILTON,,,20200827 15:00
6914865,COLORADO INTERSTATE GAS CO.,C000981,20260331 09:39,Blanks under Up/Dn Loc and Up/Dn Loc Name indicate Third Party information is not applicable.,291761,WESDJGAT/CIG (PTV) PLATTE VALLEY WE,R,WELD,CO,PLT,CIG ML,CIG ML,218,Y,A,20221215,,Y,WES DJ GATHERING LLC,78514722,9259,N,,,,,,20230425 09:00
6914865,COLORADO INTERSTATE GAS CO.,C000981,20260331 09:39,Blanks under Up/Dn Loc and Up/Dn Loc Name indicate Third Party information is not applicable.,291789,WESDJGP/CIG (BEI) BOX ELDER INLET A,D,ADAMS,CO,PLT,CIG ML,CIG ML,300,Y,A,20221215,,Y,WES DJ GAS PROCESSING LLC,,10534,N,,,,,,20230501 09:00
6914865,COLORADO INTERSTATE GAS CO.,C000981,20260331 09:39,Blanks under Up/Dn Loc and Up/Dn Loc Name indicate Third Party information is not applicable.,291843,BARGATH/CIG (PCH) PARACHUTE RIO BLA,R,RIO BLANCO,CO,PLT,CIG ML,CIG ML,122,N,I,,20240901,Y,BARGATH  LLC,22889147,5321,N,,,,,,20240918 12:00
6914865,COLORADO INTERSTATE GAS CO.,C000981,20260331 09:39,Blanks under Up/Dn Loc and Up/Dn Loc Name indicate Third Party information is not applicable.,291897,ET G&P/CIG (MCI) MOCANE PLT SHRINK,D,BEAVER,OK,VIR,CIG ML,CIG ML,290,Y,A,20240901,,Y,ET GATHERING & PROCESSING LLC,32377308,3862,Y,C012199,291897,(MCI) MOCANE PLT SHRINK,,,20240917 12:00
6914865,COLORADO INTERSTATE GAS CO.,C000981,20260331 09:39,Blanks under Up/Dn Loc and Up/Dn Loc Name indicate Third Party information is not applicable.,292020,MGR/CIG (HST) HORSE TRAP SWEETWATER,R,SWEETWATER,WY,GTH,CIG ML,CIG ML,126,N,I,,20150301,Y,MOUNTAIN GAS RESOURCES LLC,877395558,19791,N,,,,,,20200827 15:00
6914865,COLORADO INTERSTATE GAS CO.,C000981,20260331 09:39,Blanks under Up/Dn Loc and Up/Dn Loc Name indicate Third Party information is not applicable.,292036,LOST CRK/CIG (LCK) LOST CREEK CIG S,R,SWEETWATER,WY,GTH,CIG ML,CIG ML,130,Y,A,20240901,,Y,LOST CREEK GATHERING COMPANY  L.L.C.,124640967,4568,N,,,,,,20240917 12:00
6914865,COLORADO INTERSTATE GAS CO.,C000981,20260331 09:39,Blanks under Up/Dn Loc and Up/Dn Loc Name indicate Third Party information is not applicable.,292044,PLATTE/CIG (RHD) RAWHIDE POWER PLAN,D,WELD,CO,EGN,CIG ML,CIG ML,168,Y,A,20240901,,Y,PLATTE RIVER POWER AUTHORITY,75757948,8204,N,,RHD,RAWHIDE POWER PLANT,,,20240917 12:00
6914865,COLORADO INTERSTATE GAS CO.,C000981,20260331 09:39,Blanks under Up/Dn Loc and Up/Dn Loc Name indicate Third Party information is not applicable.,292073,UNITEDPO/CIG (BPP) BRIGHTON PP ADAM,D,ADAMS,CO,EGN,CIG ML,CIG ML,218,Y,A,20230208,,Y,TRI-STATE GENERATION AND TRANSMISSION ASSOCIATION  INC.,960572006,7793,N,,,,,,20240430 15:00
6914865,COLORADO INTERSTATE GAS CO.,C000981,20260331 09:39,Blanks under Up/Dn Loc and Up/Dn Loc Name indicate Third Party information is not applicable.,592015,TKO/CIG (LBO) LOBO CIMARRON,D,CIMARRON,OK,END,CIG ML,CIG ML,294,Y,A,20141101,,Y,TEXAS-KANSAS-OKLAHOMA GAS  LLC,21543249,8210,N,,,,,,20200827 15:00
6914865,COLORADO INTERSTATE GAS CO.,C000981,20260331 09:39,Blanks under Up/Dn Loc and Up/Dn Loc Name indicate Third Party information is not applicable.,592027,WAPITIRA/CIG (RTC) RITA CANYON LAS,R,LAS ANIMAS,CO,GTH,CIG ML,CIG ML,234,Y,A,20230202,,Y,WAPITI RATON  LLC,116647321,10535,N,,,,,,20230202 15:00
6914865,COLORADO INTERSTATE GAS CO.,C000981,20260331 09:39,Blanks under Up/Dn Loc and Up/Dn Loc Name indicate Third Party information is not applicable.,800055,MGR/CIG (ABM) AIRPORT/BLACK BUTTE/M,R,SWEETWATER,WY,GTH,CIG ML,CIG ML,110,Y,I,,20240123,Y,MOUNTAIN GAS RESOURCES LLC,877395558,19791,N,,,,,,20240123 15:00
6914865,COLORADO INTERSTATE GAS CO.,C000981,20260331 09:39,Blanks under Up/Dn Loc and Up/Dn Loc Name indicate Third Party information is not applicable.,800058,TALLGRAS/CIG (AHD) ARROWHEAD WELD,B,WELD,CO,INT,CIG ML,CIG ML,168,Y,A,20141101,,Y,TALLGRASS INTERSTATE GAS TRANSMISSION  LLC,828257431,18,Y,C000597,9662,CIG/TIGT ARROWHEAD WELD,,,20200827 15:00
6914865,COLORADO INTERSTATE GAS CO.,C000981,20260331 09:39,Blanks under Up/Dn Loc and Up/Dn Loc Name indicate Third Party information is not applicable.,800064,CIG/CIG (APL) AUTO PARK & LOAN WELD,B,WELD,CO,VIR,CIG ML,CIG ML,256,Y,A,20141101,,N,,,,,,,,,,20200827 15:00
6914865,COLORADO INTERSTATE GAS CO.,C000981,20260331 09:39,Blanks under Up/Dn Loc and Up/Dn Loc Name indicate Third Party information is not applicable.,800066,PSCC/CIG (ASH) ARISTOCRAT PP HIGH W,D,WELD,CO,EGN,CIG ML,CIG ML,200,Y,A,20141101,,Y,PUBLIC SERVICE COMPANY OF COLORADO,6915953,26349,Y,C000821,800066,PSCC/CIG (ASH) ARISTOCRAT HIGH WELD,,,20211211 09:00
6914865,COLORADO INTERSTATE GAS CO.,C000981,20260331 09:39,Blanks under Up/Dn Loc and Up/Dn Loc Name indicate Third Party information is not applicable.,800067,PSCC/CIG (AST) ARISTOCRAT PP WELD,D,WELD,CO,EGN,CIG ML,CIG ML,218,Y,A,20141101,,Y,PUBLIC SERVICE COMPANY OF COLORADO,6915953,26349,Y,C000821,800067,PSCC/CIG (AST) ARISTOCRAT DELIVERY,,,20211211 09:00
6914865,COLORADO INTERSTATE GAS CO.,C000981,20260331 09:39,Blanks under Up/Dn Loc and Up/Dn Loc Name indicate Third Party information is not applicable.,800077,YGS/CIG (BCS) BIJOU CREEK RECEIPT M,B,MORGAN,CO,STR,CIG HP,CIG HP,250,Y,A,20141101,,Y,YOUNG GAS STORAGE COMPANY  LTD,876708744,158,Y,C000985,800077,YGS/CIG (BCS) BIJOU CREEK RECEIPT,,,20200827 15:00
6914865,COLORADO INTERSTATE GAS CO.,C000981,20260331 09:39,Blanks under Up/Dn Loc and Up/Dn Loc Name indicate Third Party information is not applicable.,800078,ANR/CIG (BEA) BEAVER BEAVER,B,BEAVER,OK,INT,CIG ML,CIG ML,290,Y,A,20141101,,Y,ANR PIPELINE COMPANY,6958581,2686,Y,C000623,16454,BEAVER-CIG (DEL TO CIG),16435,BEAVER-CIG (REC FR CIG),20200827 15:00
6914865,COLORADO INTERSTATE GAS CO.,C000981,20260331 09:39,Blanks under Up/Dn Loc and Up/Dn Loc Name indicate Third Party information is not applicable.,800088,SEG IV/CIG (BIC) BIG CANYON POTTER,B,POTTER,TX,PLT,CIG ML,CIG ML,298,N,I,,20190101,Y,SCOUT ENERGY GROUP IV  LP,,10421,N,,,,,,20200827 15:00
6914865,COLORADO INTERSTATE GAS CO.,C000981,20260331 09:39,Blanks under Up/Dn Loc and Up/Dn Loc Name indicate Third Party information is not applicable.,800089,EPNG/CIG (BIG) BIG BLUE MOORE,B,MOORE,TX,INT,CIG ML,CIG ML,296,Y,A,20141101,,Y,EL PASO NATURAL GAS COMPANY  L.L.C.,8001703,1279,Y,C000967,301360,CIG/EPNG (IBIGBLUE) BIG BLUE MOORE,,,20200827 15:00
6914865,COLORADO INTERSTATE GAS CO.,C000981,20260331 09:39,Blanks under Up/Dn Loc and Up/Dn Loc Name indicate Third Party information is not applicable.,800094,PEPL/CIG (BKP) BAKER PEPL TEXAS,D,TEXAS,OK,INT,CIG ML,CIG ML,286,Y,A,20141101,,Y,PANHANDLE EASTERN PIPE LINE COMPANY  LP,45256641,3086,Y,C000250,06235,CIG PAN BAKER EXCHANGE,,,20200827 15:00
6914865,COLORADO INTERSTATE GAS CO.,C000981,20260331 09:39,Blanks under Up/Dn Loc and Up/Dn Loc Name indicate Third Party information is not applicable.,800104,WIC/CIG (BOW) BOWIE WELD,B,WELD,CO,INT,BOW,BOW,445,Y,A,20141101,,Y,WYOMING INTERSTATE COMPANY  L.L.C.,30669048,4669,Y,C000978,800104,WIC/CIG (BOW) BOWIE WELD,,,20200827 15:00
6914865,COLORADO INTERSTATE GAS CO.,C000981,20260331 09:39,Blanks under Up/Dn Loc and Up/Dn Loc Name indicate Third Party information is not applicable.,800107,EVERG NR/CIG (BRC) BURRO CANYON LAS,R,LAS ANIMAS,CO,GTH,CIG ML,CIG ML,234,Y,A,20141101,,Y,EVERGREEN NATURAL RESOURCES LLC.,116951424,10517,N,,,,,,20200827 15:00
6914865,COLORADO INTERSTATE GAS CO.,C000981,20260331 09:39,Blanks under Up/Dn Loc and Up/Dn Loc Name indicate Third Party information is not applicable.,800109,PSCC/CIG (BRS) BRUSH STATION PP MOR,D,MORGAN,CO,EGN,CIG ML,CIG ML,258,Y,A,20141101,,Y,PUBLIC SERVICE COMPANY OF COLORADO,6915953,26349,Y,C000821,BRS,CIG BRUSH STATION,,,20211211 09:00
6914865,COLORADO INTERSTATE GAS CO.,C000981,20260331 09:39,Blanks under Up/Dn Loc and Up/Dn Loc Name indicate Third Party information is not applicable.,800112,CIG/CIG (BSN) BISON RETAINED LIQUID,R,MORGAN,CO,VIR,CIG ML,CIG ML,260,Y,A,20141101,,N,,,,,,,,,,20200827 15:00
6914865,COLORADO INTERSTATE GAS CO.,C000981,20260331 09:39,Blanks under Up/Dn Loc and Up/Dn Loc Name indicate Third Party information is not applicable.,800115,REX/WIC (BTC) BITTER CREEK BI-DIREC,B,SWEETWATER,WY,INT,WIC ML,WIC ML,418,Y,A,20141101,,Y,ROCKIES EXPRESS PIPELINE LLC,784256161,955,Y,C000594,42230,WIC/REX BITTER CREEK SWEETWATER,,,20200827 15:00
6914865,COLORADO INTERSTATE GAS CO.,C000981,20260331 09:39,Blanks under Up/Dn Loc and Up/Dn Loc Name indicate Third Party information is not applicable.,800116,WIC/CIG (BTW) BAXTER TO WIC SWEETWA,D,SWEETWATER,WY,INT,BTW,BTW,411,Y,A,20141101,,Y,WYOMING INTERSTATE COMPANY  L.L.C.,30669048,4669,Y,C000978,800116,WIC/CIG (BTW) BAXTER TO WIC SWEETWA,,,20200827 15:00
6914865,COLORADO INTERSTATE GAS CO.,C000981,20260331 09:39,Blanks under Up/Dn Loc and Up/Dn Loc Name indicate Third Party information is not applicable.,800118,MGR/CIG (BUL) BULLFROG/TEPEE FLATS,R,FREMONT,WY,GTH,CIG ML,CIG ML,134,N,I,,20230908,Y,MOUNTAIN GAS RESOURCES LLC,877395558,19791,N,,,,,,20230908 15:09
6914865,COLORADO INTERSTATE GAS CO.,C000981,20260331 09:39,Blanks under Up/Dn Loc and Up/Dn Loc Name indicate Third Party information is not applicable.,800128,AEC-I/CIG (CAN) CANON CITY FREMONT,D,FREMONT,CO,LDC,CIG ML,CIG ML,227,Y,A,20141101,,Y,ATMOS ENERGY   CORPORATION,108203241,4240,N,,,,,,20240718 09:00
6914865,COLORADO INTERSTATE GAS CO.,C000981,20260331 09:39,Blanks under Up/Dn Loc and Up/Dn Loc Name indicate Third Party information is not applicable.,800132,MW OVR/WIC (CCW) CARTER CREEK RECEI,R,UINTA,WY,PLT,OT,OT,930,N,I,,20180701,Y,MOUNTAINWEST OVERTHRUST PIPELINE  LLC,843758483,3045,Y,C001087,10002,CARTER CREEK TO OTPL,,,20220419 09:00
6914865,COLORADO INTERSTATE GAS CO.,C000981,20260331 09:39,Blanks under Up/Dn Loc and Up/Dn Loc Name indicate Third Party information is not applicable.,800139,CIG/CIG (CHB) CHEYENNE HUB LOCATION,R,WELD,CO,VIR,CIG ML,CIG ML,168,Y,A,20141101,,N,,,,,,,,,,20200827 15:00
6914865,COLORADO INTERSTATE GAS CO.,C000981,20260331 09:39,Blanks under Up/Dn Loc and Up/Dn Loc Name indicate Third Party information is not applicable.,800140,CIG/WIC (CHD) CHROME DOME SWEETWATE,R,SWEETWATER,WY,INT,CHD,CHD,407,Y,A,20141101,,Y,COLORADO INTERSTATE GAS COMPANY  L.L.C.,6914865,15038,Y,C000981,800140,CIG/WIC (CHD) CHROME DOME SWEETWATE,,,20200827 15:00
6914865,COLORADO INTERSTATE GAS CO.,C000981,20260331 09:39,Blanks under Up/Dn Loc and Up/Dn Loc Name indicate Third Party information is not applicable.,800141,CLFP/CIG (CHE) CHEYENNE WELD,D,WELD,CO,LDC,CIG ML,CIG ML,166,Y,A,20141101,,Y,CHEYENNE LIGHT  FUEL AND POWER COMPANY,6915144,8180,N,,,,,,20200827 15:00
6914865,COLORADO INTERSTATE GAS CO.,C000981,20260331 09:39,Blanks under Up/Dn Loc and Up/Dn Loc Name indicate Third Party information is not applicable.,800143,(CHP) CENTRAL HEADSTATION POOL,B,ELBERT,CO,PPT,CIG ML,CIG ML,262,Y,A,20141101,,N,,,,,,,,,,20200827 15:00
6914865,COLORADO INTERSTATE GAS CO.,C000981,20260331 09:39,Blanks under Up/Dn Loc and Up/Dn Loc Name indicate Third Party information is not applicable.,800150,CIG/CIG (CJC) CHEYENNE JUMPER WELD,R,WELD,CO,VIR,CIG ML,CIG ML,182,N,A,20160101,,N,,,,,,,,,,20200827 15:00
6914865,COLORADO INTERSTATE GAS CO.,C000981,20260331 09:39,Blanks under Up/Dn Loc and Up/Dn Loc Name indicate Third Party information is not applicable.,800160,CSU/CIG (COS) CITY OF COLORADO SPRI,D,EL PASO,CO,LDC,CIG ML,CIG ML,225,Y,A,20141101,,Y,COLORADO SPRINGS UTILITIES,127711760,2227,N,,,,,,20200827 15:00
6914865,COLORADO INTERSTATE GAS CO.,C000981,20260331 09:39,Blanks under Up/Dn Loc and Up/Dn Loc Name indicate Third Party information is not applicable.,800167,PSCC/CIG (CRG) CORRAL GULCH RIO BLA,D,RIO BLANCO,CO,LDC,CIG ML,CIG ML,114,Y,A,20141101,,Y,PUBLIC SERVICE COMPANY OF COLORADO,6915953,26349,Y,C000821,CRG,CIG CORRAL GULCH RECEIPT,,,20200827 15:00
6914865,COLORADO INTERSTATE GAS CO.,C000981,20260331 09:39,Blanks under Up/Dn Loc and Up/Dn Loc Name indicate Third Party information is not applicable.,800169,BHSC/CIG (CRK) CASTLE ROCK AREA DOU,D,DOUGLAS,CO,LDC,CIG ML,CIG ML,224,Y,A,20141101,,Y,BLACK HILLS SERVICE COMPANY  LLC,79534838,10500,N,,,,,,20200827 15:00
6914865,COLORADO INTERSTATE GAS CO.,C000981,20260331 09:39,Blanks under Up/Dn Loc and Up/Dn Loc Name indicate Third Party information is not applicable.,800184,WIC/CPG (CUR) CURLEY METER STATION,D,WELD,CO,INT,CUR,CUR,441,Y,A,20141101,,Y,WYOMING INTERSTATE COMPANY  L.L.C.,30669048,4669,Y,C000978,800184,WIC/CPG (CUR) CURLEY METER STATION,,,20200827 15:00
6914865,COLORADO INTERSTATE GAS CO.,C000981,20260331 09:39,Blanks under Up/Dn Loc and Up/Dn Loc Name indicate Third Party information is not applicable.,800186,MW OVR/WIC (CWD) CLEAR CREEK STORAG,D,UINTA,WY,STR,OT,OT,930,Y,A,20141101,,Y,MOUNTAINWEST OVERTHRUST PIPELINE  LLC,843758483,3045,Y,C001087,10010,CLEAR CREEK ST - DEL,,,20220419 09:00
6914865,COLORADO INTERSTATE GAS CO.,C000981,20260331 09:39,Blanks under Up/Dn Loc and Up/Dn Loc Name indicate Third Party information is not applicable.,800188,MW OVR/WIC (CWR) CLEAR CREEK STORAG,R,UINTA,WY,STR,OT,OT,930,Y,A,20141101,,Y,MOUNTAINWEST OVERTHRUST PIPELINE  LLC,843758483,3045,Y,C001087,10009,CLEAR CREEK ST - REC,,,20220419 09:00
6914865,COLORADO INTERSTATE GAS CO.,C000981,20260331 09:39,Blanks under Up/Dn Loc and Up/Dn Loc Name indicate Third Party information is not applicable.,800196,TRANSCOL/CIG (DCM) DARK CANYON METE,B,RIO BLANCO,CO,INT,CIG ML,CIG ML,114,Y,A,20141101,,Y,TRANSCOLORADO GAS TRANSMISSION COMPANY LLC,938939154,19,Y,C000596,41781,CIG/TRANSCOL DARK CANYON,,,20200827 15:00
6914865,COLORADO INTERSTATE GAS CO.,C000981,20260331 09:39,Blanks under Up/Dn Loc and Up/Dn Loc Name indicate Third Party information is not applicable.,800197,RMNG/CIG (DDB) DUDLEY BLUFFS RIO BL,B,RIO BLANCO,CO,PLT,CIG ML,CIG ML,113,Y,A,20141101,,Y,ROCKY MOUNTAIN NATURAL GAS LLC,601986763,61,Y,C001651,8850,CIG/RMNG DUDLEY BLUFF RIO BLANCO,8851,CIG/RMNG DIG DUDLEY BLUFF RECEIPT,20200827 15:00
6914865,COLORADO INTERSTATE GAS CO.,C000981,20260331 09:39,Blanks under Up/Dn Loc and Up/Dn Loc Name indicate Third Party information is not applicable.,800212,WIC/CIG (DOV) DOVER METER STATION W,R,WELD,CO,INT,DOV,DOV,447,Y,A,20141101,,Y,WYOMING INTERSTATE COMPANY  L.L.C.,30669048,4669,Y,C000978,800212,WIC/CIG (DOV) DOVER METER STATION W,,,20200827 15:00
6914865,COLORADO INTERSTATE GAS CO.,C000981,20260331 09:39,Blanks under Up/Dn Loc and Up/Dn Loc Name indicate Third Party information is not applicable.,800220,PSCC/CIG (EDE) EAST DENVER ADAMS,D,ADAMS,CO,LDC,CIG ML,CIG ML,222,Y,A,20141101,,Y,PUBLIC SERVICE COMPANY OF COLORADO,6915953,26349,Y,C000821,EDE,EAST DENVER TOWN BORDER,,,20200827 15:00
6914865,COLORADO INTERSTATE GAS CO.,C000981,20260331 09:39,Blanks under Up/Dn Loc and Up/Dn Loc Name indicate Third Party information is not applicable.,800229,WBI/CIG (ELK) ELK BASIN PARK,B,PARK,WY,INT,CIG ML,CIG ML,142,Y,A,20141101,,Y,WBI ENERGY TRANSMISSION  INC.,131537896,2285,Y,C000111,03390,CIG-ELK BASIN (D),03391,CIG-ELK BASIN (R),20200827 15:00
6914865,COLORADO INTERSTATE GAS CO.,C000981,20260331 09:39,Blanks under Up/Dn Loc and Up/Dn Loc Name indicate Third Party information is not applicable.,800230,RUBY/CIG (EMS) EMERALD SPRINGS LINC,D,LINCOLN,WY,INT,CIG ML,CIG ML,102,Y,A,20141101,,Y,RUBY PIPELINE  L.L.C.,13541571,5394,Y,C000986,800230,CIG/RUBY (EMS) EMERALD SPRINGS LINC,,,20230531 15:00
6914865,COLORADO INTERSTATE GAS CO.,C000981,20260331 09:39,Blanks under Up/Dn Loc and Up/Dn Loc Name indicate Third Party information is not applicable.,800234,SUNSHINE/CIG (ERS) EAST ROCK SPRING,R,SWEETWATER,WY,GTH,CIG ML,CIG ML,110,Y,A,20141101,,Y,SUNSHINE VALLEY PETROLEUM CO.,,2496,N,,,,,,20220302 12:00
6914865,COLORADO INTERSTATE GAS CO.,C000981,20260331 09:39,Blanks under Up/Dn Loc and Up/Dn Loc Name indicate Third Party information is not applicable.,800235,WAMSUTT/CIG (ES2) ECHO SPRINGS CARB,R,CARBON,WY,PLT,CIG ML,CIG ML,132,Y,A,20141101,,Y,WAMSUTTER LLC,931124309,4733,N,,,,,,20200827 15:00
6914865,COLORADO INTERSTATE GAS CO.,C000981,20260331 09:39,Blanks under Up/Dn Loc and Up/Dn Loc Name indicate Third Party information is not applicable.,800239,PSCC/CIG (FLH) FORT LUPTON HIGH WEL,D,WELD,CO,LDC,CIG ML,CIG ML,200,Y,A,20141101,,Y,PUBLIC SERVICE COMPANY OF COLORADO,6915953,26349,Y,C000821,FLH,CIG FORT LUPTON-HUB GAS,,,20200827 15:00
6914865,COLORADO INTERSTATE GAS CO.,C000981,20260331 09:39,Blanks under Up/Dn Loc and Up/Dn Loc Name indicate Third Party information is not applicable.,800245,WIC/CIG (FLY) FLYING HAWK WELD,B,WELD,CO,INT,FLY,FLY,449,Y,A,20141101,,Y,WYOMING INTERSTATE COMPANY  L.L.C.,30669048,4669,Y,C000978,800245,WIC/CIG (FLY) FLYING HAWK WELD,,,20200827 15:00
6914865,COLORADO INTERSTATE GAS CO.,C000981,20260331 09:39,Blanks under Up/Dn Loc and Up/Dn Loc Name indicate Third Party information is not applicable.,800251,EVERG NR/CIG (FRK) FREDERICK LAS AN,B,LAS ANIMAS,CO,GTH,CIG ML,CIG ML,234,Y,A,20141101,,Y,EVERGREEN NATURAL RESOURCES LLC.,116951424,10517,N,,,,,,20200827 15:00
6914865,COLORADO INTERSTATE GAS CO.,C000981,20260331 09:39,Blanks under Up/Dn Loc and Up/Dn Loc Name indicate Third Party information is not applicable.,800253,REX/CIG (FRW) FREWEN LAKE SWEETWATE,B,SWEETWATER,WY,INT,CIG ML,CIG ML,110,Y,A,20141101,,Y,ROCKIES EXPRESS PIPELINE LLC,784256161,955,Y,C000594,42228,CIG/REX FREWEN LAKE SWEETWATER,,,20200827 15:00
6914865,COLORADO INTERSTATE GAS CO.,C000981,20260331 09:39,Blanks under Up/Dn Loc and Up/Dn Loc Name indicate Third Party information is not applicable.,800255,PSCC/CIG (FSC) FIRST CREEK PP ADAMS,D,ADAMS,CO,EGN,CIG ML,CIG ML,260,Y,A,20141101,,Y,PUBLIC SERVICE COMPANY OF COLORADO,6915953,26349,Y,C000821,FSC,CIG FIRST CREEK TOWN BORDER,,,20211211 09:00
6914865,COLORADO INTERSTATE GAS CO.,C000981,20260331 09:39,Blanks under Up/Dn Loc and Up/Dn Loc Name indicate Third Party information is not applicable.,800261,PSCC/CIG (FTL) FORT LUPTON DELIVERY,D,WELD,CO,LDC,CIG ML,CIG ML,218,Y,A,20141101,,Y,PUBLIC SERVICE COMPANY OF COLORADO,6915953,26349,Y,C000821,FTL,CIG FORT LUPTON,,,20200827 15:00
6914865,COLORADO INTERSTATE GAS CO.,C000981,20260331 09:39,Blanks under Up/Dn Loc and Up/Dn Loc Name indicate Third Party information is not applicable.,800262,FORT MOR/CIG (FTM) CITY OF FORT MOR,D,MORGAN,CO,LDC,CIG ML,CIG ML,255,Y,A,20141101,,Y,CITY OF FORT MORGAN,175503770,8236,N,,,,,,20230811 12:00
6914865,COLORADO INTERSTATE GAS CO.,C000981,20260331 09:39,Blanks under Up/Dn Loc and Up/Dn Loc Name indicate Third Party information is not applicable.,800272,CUREGILC/CIG (GIL) GILCREST WELD,R,WELD,CO,PLT,CIG ML,CIG ML,218,Y,A,20141101,,Y,CURETON GILCREST  LLC,118536230,10990,N,,,,,,20220301 12:00
6914865,COLORADO INTERSTATE GAS CO.,C000981,20260331 09:39,Blanks under Up/Dn Loc and Up/Dn Loc Name indicate Third Party information is not applicable.,800273,CHIPPROC/WIC (GLD) GOLDEN DOME RECE,R,UINTAH,UT,PLT,WIC KL,WIC KL,402,Y,A,20141101,,Y,CHIPETA PROCESSING LLC,827469144,8399,N,,,,,,20200827 15:00
6914865,COLORADO INTERSTATE GAS CO.,C000981,20260331 09:39,Blanks under Up/Dn Loc and Up/Dn Loc Name indicate Third Party information is not applicable.,800274,TALLGRAS/CIG (GLK) GLENROCK CONVERS,B,CONVERSE,WY,INT,CIG ML,CIG ML,160,N,A,20170719,,Y,TALLGRASS INTERSTATE GAS TRANSMISSION  LLC,828257431,18,Y,C000597,19350,CIG/TIGT GLENROCK CONVERSE,,,20211213 12:00
6914865,COLORADO INTERSTATE GAS CO.,C000981,20260331 09:39,Blanks under Up/Dn Loc and Up/Dn Loc Name indicate Third Party information is not applicable.,800276,MW OVR/WIC (GNW) GRANGER - WIC SWEE,R,SWEETWATER,WY,PLT,OT,OT,933,Y,A,20141101,,Y,MOUNTAINWEST OVERTHRUST PIPELINE  LLC,843758483,3045,Y,C001087,10004,GRANGER TO OVERTHRUST,,,20220419 09:00
6914865,COLORADO INTERSTATE GAS CO.,C000981,20260331 09:39,Blanks under Up/Dn Loc and Up/Dn Loc Name indicate Third Party information is not applicable.,800279,PSCC/CIG (GRE) GREELEY WELD,D,WELD,CO,LDC,CIG ML,CIG ML,218,Y,A,20141101,,Y,PUBLIC SERVICE COMPANY OF COLORADO,6915953,26349,Y,C000821,GRE,CIG GREELEY TOWN BORDER,,,20200827 15:00
6914865,COLORADO INTERSTATE GAS CO.,C000981,20260331 09:39,Blanks under Up/Dn Loc and Up/Dn Loc Name indicate Third Party information is not applicable.,800282,NW P/L/CIG (GRN) GREEN RIVER NPC ST,B,SWEETWATER,WY,INT,CIG ML,CIG ML,106,Y,A,20141101,,Y,NORTHWEST PIPELINE LLC,67977322,2955,Y,C000640,539,GREEN RIVER DELIVERY,538,MCKINNON RECEIPT,20200827 15:00
6914865,COLORADO INTERSTATE GAS CO.,C000981,20260331 09:39,Blanks under Up/Dn Loc and Up/Dn Loc Name indicate Third Party information is not applicable.,800284,NWC/CIG (GRZ) GRIZZLY METER STATION,B,PARK,WY,LDC,CIG ML,CIG ML,140,Y,A,20141101,,Y,NORTHWESTERN CORPORATION,7920291,19212,Y,C001790,GRIZ,GRIZZLY METER STATION,,,20200827 15:00
6914865,COLORADO INTERSTATE GAS CO.,C000981,20260331 09:39,Blanks under Up/Dn Loc and Up/Dn Loc Name indicate Third Party information is not applicable.,800298,SUMMIDNI/CIG (HFR) HEREFORD RANCH W,B,WELD,CO,PLT,CIG ML,CIG ML,166,Y,A,20141101,,Y,SUMMIT MIDSTREAM NIOBRARA  LLC,118476411,10712,N,,,,,,20241231 15:01
6914865,COLORADO INTERSTATE GAS CO.,C000981,20260331 09:39,Blanks under Up/Dn Loc and Up/Dn Loc Name indicate Third Party information is not applicable.,800300,(HHP) HIGH PLAINS HEADSTATION,B,WELD,CO,PPT,CIG HP,CIG HP,178,Y,A,20141101,,N,,,,,,,,,,20200827 15:00
6914865,COLORADO INTERSTATE GAS CO.,C000981,20260331 09:39,Blanks under Up/Dn Loc and Up/Dn Loc Name indicate Third Party information is not applicable.,800313,PSCC/CIG (HSN) HUDSON PP LOW WELD,D,WELD,CO,EGN,CIG ML,CIG ML,218,Y,A,20141101,,Y,PUBLIC SERVICE COMPANY OF COLORADO,6915953,26349,Y,C000821,800313,PSCC/CIG (HSN) HUDSON LOW WELD,,,20211211 09:00
6914865,COLORADO INTERSTATE GAS CO.,C000981,20260331 09:39,Blanks under Up/Dn Loc and Up/Dn Loc Name indicate Third Party information is not applicable.,800319,PSCC/CIG (HUD) HUDSON PP HIGH WELD,D,WELD,CO,EGN,CIG ML,CIG ML,200,Y,A,20141101,,Y,PUBLIC SERVICE COMPANY OF COLORADO,6915953,26349,Y,C000821,HUD,CIG HUDSON HIGH PRESSURE,,,20211211 09:00
6914865,COLORADO INTERSTATE GAS CO.,C000981,20260331 09:39,Blanks under Up/Dn Loc and Up/Dn Loc Name indicate Third Party information is not applicable.,800320,BHSC/CIG (HUG) HUGO LINCOLN,D,LINCOLN,CO,LDC,CIG ML,CIG ML,262,Y,A,20141101,,Y,BLACK HILLS SERVICE COMPANY  LLC,79534838,10500,N,,,,,,20200827 15:00
6914865,COLORADO INTERSTATE GAS CO.,C000981,20260331 09:39,Blanks under Up/Dn Loc and Up/Dn Loc Name indicate Third Party information is not applicable.,800326,(IHP) CIG WYOMING MAINLINE HE,B,CARBON,WY,PPT,CIG ML,CIG ML,156,Y,A,20240123,,N,,,,,,,,,,20240124 15:00
6914865,COLORADO INTERSTATE GAS CO.,C000981,20260331 09:39,Blanks under Up/Dn Loc and Up/Dn Loc Name indicate Third Party information is not applicable.,800332,(JHP) CIG OPAL HEADSTATION PO,B,UINTA,WY,PPT,CIG ML,CIG ML,100,Y,A,20141101,,N,,,,,,,,,,20200827 15:00
6914865,COLORADO INTERSTATE GAS CO.,C000981,20260331 09:39,Blanks under Up/Dn Loc and Up/Dn Loc Name indicate Third Party information is not applicable.,800335,MW P/L/CIG (KAN) KANDA SWEETWATER,B,SWEETWATER,WY,INT,CIG ML,CIG ML,106,Y,A,20141101,,Y,MOUNTAINWEST PIPELINE  LLC,92027077,4602,Y,C001088,171,KANDA/COL CIG DEL,871,KANDA/COL CIG REC,20220419 09:00
6914865,COLORADO INTERSTATE GAS CO.,C000981,20260331 09:39,Blanks under Up/Dn Loc and Up/Dn Loc Name indicate Third Party information is not applicable.,800336,MW P/L/WIC (KAW) KANDA TO WIC-QUEST,R,SWEETWATER,WY,INT,WIC ML,WIC ML,400,N,I,,20250929,Y,MOUNTAINWEST PIPELINE  LLC,92027077,4602,Y,C001088,172,KANDA/COL WIC DEL,,,20250930 09:00
6914865,COLORADO INTERSTATE GAS CO.,C000981,20260331 09:39,Blanks under Up/Dn Loc and Up/Dn Loc Name indicate Third Party information is not applicable.,800338,(KCS) KIOWA CREEK,B,ADAMS,CO,STR,CIG HP,CIG HP,252,Y,A,20141101,,N,,,,,,,,,,20200827 15:00
6914865,COLORADO INTERSTATE GAS CO.,C000981,20260331 09:39,Blanks under Up/Dn Loc and Up/Dn Loc Name indicate Third Party information is not applicable.,800348,WIC/WIC (KJT) KANDA JUNCTION SWEETW,R,SWEETWATER,WY,VIR,KJT LOC,KJT LOC,408,Y,A,20141101,,N,,,,,,,,,,20200827 15:00
6914865,COLORADO INTERSTATE GAS CO.,C000981,20260331 09:39,Blanks under Up/Dn Loc and Up/Dn Loc Name indicate Third Party information is not applicable.,800359,ET G&P/CIG (LAM) LAKIN MASTER METER,R,KEARNY,KS,GTH,CIG ML,CIG ML,282,Y,A,20141101,,Y,ET GATHERING & PROCESSING LLC,32377308,3862,Y,C012199,800359,(LAM) LAKIN MASTER METER,,,20240430 15:00
6914865,COLORADO INTERSTATE GAS CO.,C000981,20260331 09:39,Blanks under Up/Dn Loc and Up/Dn Loc Name indicate Third Party information is not applicable.,800360,WESDJGAT/CIG (LAN) LANCASTER METER,R,WELD,CO,PLT,CIG HP,CIG HP,188,Y,A,20141101,,Y,WES DJ GATHERING LLC,78514722,9259,N,,,,,,20230425 09:00
6914865,COLORADO INTERSTATE GAS CO.,C000981,20260331 09:39,Blanks under Up/Dn Loc and Up/Dn Loc Name indicate Third Party information is not applicable.,800361,PEPL/CIG (LAP) LAKIN PEPL PROCESSED,D,KEARNY,KS,INT,CIG ML,CIG ML,282,Y,A,20141101,,Y,PANHANDLE EASTERN PIPE LINE COMPANY  LP,45256641,3086,Y,C000250,06204,PEPL CIG EXCHANGE,,,20200827 15:00
6914865,COLORADO INTERSTATE GAS CO.,C000981,20260331 09:39,Blanks under Up/Dn Loc and Up/Dn Loc Name indicate Third Party information is not applicable.,800364,DCP OPER/CIG (LAS) LASALLE METER ST,B,WELD,CO,PLT,CIG HP,CIG HP,180,Y,A,20141101,,Y,DCP OPERATING COMPANY  LP,3048753,3368,Y,C011323,800364,(LAS) LASALLE METER STATION,,,20220525 09:00
6914865,COLORADO INTERSTATE GAS CO.,C000981,20260331 09:39,Blanks under Up/Dn Loc and Up/Dn Loc Name indicate Third Party information is not applicable.,800376,EVERG NR/CIG (LCT) LORENCITO LAS AN,B,LAS ANIMAS,CO,GTH,CIG ML,CIG ML,234,Y,A,20141101,,Y,EVERGREEN NATURAL RESOURCES LLC.,116951424,10517,N,,,,,,20200827 15:00
6914865,COLORADO INTERSTATE GAS CO.,C000981,20260331 09:39,Blanks under Up/Dn Loc and Up/Dn Loc Name indicate Third Party information is not applicable.,800378,MWE/CIG (LDH) LAKIN; DEERFIELD; HOL,D,FINNEY,KS,LDC,CIG ML,CIG ML,282,Y,A,20141101,,Y,MIDWEST ENERGY  INC.,42379594,19252,N,,,,,,20200827 15:00
6914865,COLORADO INTERSTATE GAS CO.,C000981,20260331 09:39,Blanks under Up/Dn Loc and Up/Dn Loc Name indicate Third Party information is not applicable.,800386,TRISTATE/CIG (LPP) LIMON POWER PLAN,D,LINCOLN,CO,EGN,CIG ML,CIG ML,262,Y,A,20141101,,Y,TRI-STATE GENERATION AND TRANSMISSION ASSOCIATION  INC.,960572006,7793,N,,,,,,20211211 09:00
6914865,COLORADO INTERSTATE GAS CO.,C000981,20260331 09:39,Blanks under Up/Dn Loc and Up/Dn Loc Name indicate Third Party information is not applicable.,800394,PSCC/CIG (LTH) LITTLE HORSE RECEIPT,D,RIO BLANCO,CO,LDC,CIG ML,CIG ML,113,Y,A,20141101,,Y,PUBLIC SERVICE COMPANY OF COLORADO,6915953,26349,Y,C000821,LTH,CIG LITTLE HORSE,,,20200827 15:00
6914865,COLORADO INTERSTATE GAS CO.,C000981,20260331 09:39,Blanks under Up/Dn Loc and Up/Dn Loc Name indicate Third Party information is not applicable.,800414,AEC-I/CIG (MCD) MCCLAVE DELIVERY (G,D,BENT,CO,LDC,CIG ML,CIG ML,266,Y,A,20141101,,Y,ATMOS ENERGY   CORPORATION,108203241,4240,N,,,,,,20240718 09:00
6914865,COLORADO INTERSTATE GAS CO.,C000981,20260331 09:39,Blanks under Up/Dn Loc and Up/Dn Loc Name indicate Third Party information is not applicable.,800421,DCP OPER/CIG (MEW) MEWBOURN WELD,B,WELD,CO,PLT,CIG ML,CIG ML,218,Y,A,20141101,,Y,DCP OPERATING COMPANY  LP,3048753,3368,Y,C011323,800421,(MEW) MEWBOURN,,,20220525 09:00
6914865,COLORADO INTERSTATE GAS CO.,C000981,20260331 09:39,Blanks under Up/Dn Loc and Up/Dn Loc Name indicate Third Party information is not applicable.,800424,WRH/WIC (MKR) MEEKER TO REX/WIC RIO,R,RIO BLANCO,CO,PLT,WRH,WRH,910,N,A,20141101,,Y,WHITE RIVER HUB LLC,828611181,4879,Y,C001089,40605,WHITE/REX MEEKER,,,20200827 15:00
6914865,COLORADO INTERSTATE GAS CO.,C000981,20260331 09:39,Blanks under Up/Dn Loc and Up/Dn Loc Name indicate Third Party information is not applicable.,800425,WRH/WIC (MKW) MEEKER PLANT-WIC RIO,R,RIO BLANCO,CO,PLT,WRH,WRH,915,N,A,20141101,,Y,WHITE RIVER HUB LLC,828611181,4879,Y,C001089,40604,MEEKER PLANT INTRCNT,,,20201001 09:00
6914865,COLORADO INTERSTATE GAS CO.,C000981,20260331 09:39,Blanks under Up/Dn Loc and Up/Dn Loc Name indicate Third Party information is not applicable.,800433,PSCC/CIG (MPH) MIDWAY PP HIGH EL PA,D,EL PASO,CO,EGN,CIG ML,CIG ML,208,Y,A,20141101,,Y,PUBLIC SERVICE COMPANY OF COLORADO,6915953,26349,Y,C000821,800433,PSCC/CIG (MPH) MIDWAY PSCO HIGH EL,,,20211211 09:00
6914865,COLORADO INTERSTATE GAS CO.,C000981,20260331 09:39,Blanks under Up/Dn Loc and Up/Dn Loc Name indicate Third Party information is not applicable.,800450,PSCC/CIG (MWP) MIDWAY PP EL PASO,D,EL PASO,CO,EGN,CIG ML,CIG ML,225,Y,A,20141101,,Y,PUBLIC SERVICE COMPANY OF COLORADO,6915953,26349,Y,C000821,MWP,CIG MIDWAY,,,20211211 09:00
6914865,COLORADO INTERSTATE GAS CO.,C000981,20260331 09:39,Blanks under Up/Dn Loc and Up/Dn Loc Name indicate Third Party information is not applicable.,800488,CSU/CIG (NCS) NIXON/CLEAR SPRING PP,D,EL PASO,CO,EGN,CIG ML,CIG ML,208,Y,A,20141101,,Y,COLORADO SPRINGS UTILITIES,127711760,2227,N,,,,,,20211211 09:00
6914865,COLORADO INTERSTATE GAS CO.,C000981,20260331 09:39,Blanks under Up/Dn Loc and Up/Dn Loc Name indicate Third Party information is not applicable.,800489,CONATGAS/CIG (NDT) NORTH DEERTRAIL,D,ARAPAHOE,CO,LDC,CIG ML,CIG ML,257,Y,A,20141101,,Y,COLORADO NATURAL GAS  INC.,31675325,8181,N,,,,,,20200827 15:00
6914865,COLORADO INTERSTATE GAS CO.,C000981,20260331 09:39,Blanks under Up/Dn Loc and Up/Dn Loc Name indicate Third Party information is not applicable.,800490,DCP OPER/CIG (NEF) NEFF LAKE WELD,B,WELD,CO,PLT,CIG ML,CIG ML,218,Y,A,20141101,,Y,DCP OPERATING COMPANY  LP,3048753,3368,Y,C011323,800490,(NEF) NEFF LAKE,,,20220525 09:00
6914865,COLORADO INTERSTATE GAS CO.,C000981,20260331 09:39,Blanks under Up/Dn Loc and Up/Dn Loc Name indicate Third Party information is not applicable.,800493,(NHP) NORTHERN HEADSTATION PO,B,CARBON,WY,PPT,CIG ML,CIG ML,156,Y,A,20240123,,N,,,,,,,,,,20240124 12:00
6914865,COLORADO INTERSTATE GAS CO.,C000981,20260331 09:39,Blanks under Up/Dn Loc and Up/Dn Loc Name indicate Third Party information is not applicable.,800495,SPS/CIG (NIC) NICHOLS PP POTTER,B,POTTER,TX,EGN,CIG ML,CIG ML,298,N,I,,20190101,Y,SOUTHWESTERN PUBLIC SERVICE COMPANY,7369713,19150,N,,,,,,20211211 09:00
6914865,COLORADO INTERSTATE GAS CO.,C000981,20260331 09:39,Blanks under Up/Dn Loc and Up/Dn Loc Name indicate Third Party information is not applicable.,800506,CIG/CIG (NRR) NORTH RATON LATERAL R,R,LAS ANIMAS,CO,VIR,CIG NR1,CIG NR1,238,Y,A,20141101,,N,,,,,,,,,,20200827 15:00
6914865,COLORADO INTERSTATE GAS CO.,C000981,20260331 09:39,Blanks under Up/Dn Loc and Up/Dn Loc Name indicate Third Party information is not applicable.,800513,MW OVR/WIC (O17) HAMS FORK LINCOLN,D,LINCOLN,WY,INT,OT,OT,936,Y,A,20141101,,Y,MOUNTAINWEST OVERTHRUST PIPELINE  LLC,843758483,3045,Y,C001087,10017,HAMS FORK MS,,,20220419 09:00
6914865,COLORADO INTERSTATE GAS CO.,C000981,20260331 09:39,Blanks under Up/Dn Loc and Up/Dn Loc Name indicate Third Party information is not applicable.,800519,WGI/CIG (OLB) OLD BUFFALO TEXAS,D,TEXAS,OK,LDC,CIG ML,CIG ML,286,Y,A,20141101,,Y,WESTERN GAS INTERSTATE COMPANY,97554737,7856,Y,C000770,800519,WGI/CIG (OLB) OLD BUFFALO TEXAS,,,20200827 15:00
6914865,COLORADO INTERSTATE GAS CO.,C000981,20260331 09:39,Blanks under Up/Dn Loc and Up/Dn Loc Name indicate Third Party information is not applicable.,800522,MW OVR/WIC (OPP) OPAL PROCESSING PL,R,LINCOLN,WY,PLT,OT,OT,936,Y,A,20141101,,Y,MOUNTAINWEST OVERTHRUST PIPELINE  LLC,843758483,3045,Y,C001087,10025,OPAL PROCESSING PLANT,,,20220419 09:00
6914865,COLORADO INTERSTATE GAS CO.,C000981,20260331 09:39,Blanks under Up/Dn Loc and Up/Dn Loc Name indicate Third Party information is not applicable.,800526,MW OVR/WIC (OTO) PAINTER UINTA,D,UINTA,WY,INT,OT,OT,930,Y,A,20141101,,Y,MOUNTAINWEST OVERTHRUST PIPELINE  LLC,843758483,3045,Y,C001087,10015,OTPL / KRGT PAINTER,,,20220419 09:00
6914865,COLORADO INTERSTATE GAS CO.,C000981,20260331 09:39,Blanks under Up/Dn Loc and Up/Dn Loc Name indicate Third Party information is not applicable.,800528,MW OVR/WIC (OVW) OVERTHRUST/ WIC SW,B,SWEETWATER,WY,INT,WIC ML,WIC ML,400,Y,A,20141101,,Y,MOUNTAINWEST OVERTHRUST PIPELINE  LLC,843758483,3045,Y,C001087,10003,OVERTHRUST TO WIC,10013,WIC TO OVERTHRUST,20220419 09:00
6914865,COLORADO INTERSTATE GAS CO.,C000981,20260331 09:39,Blanks under Up/Dn Loc and Up/Dn Loc Name indicate Third Party information is not applicable.,800556,OGRIS/CIG (PGT) PURGATOIRE LAS ANIM,B,LAS ANIMAS,CO,GTH,CIG ML,CIG ML,234,Y,A,20141101,,Y,OGRIS OPERATING  LLC,114998138,11012,N,,,,,,20220601 09:00
6914865,COLORADO INTERSTATE GAS CO.,C000981,20260331 09:39,Blanks under Up/Dn Loc and Up/Dn Loc Name indicate Third Party information is not applicable.,800557,(PHP) PICKETWIRE HEADSTATION,B,LAS ANIMAS,CO,PPT,CIG ML,CIG ML,274,Y,A,20141101,,N,,,,,,,,,,20200827 15:00
6914865,COLORADO INTERSTATE GAS CO.,C000981,20260331 09:39,Blanks under Up/Dn Loc and Up/Dn Loc Name indicate Third Party information is not applicable.,800561,WIC/WIC (PJT) PICEANCE JUNCTION SWE,R,SWEETWATER,WY,VIR,PJT LOC,PJT LOC,427,Y,A,20141101,,N,,,,,,,,,,20200827 15:00
6914865,COLORADO INTERSTATE GAS CO.,C000981,20260331 09:39,Blanks under Up/Dn Loc and Up/Dn Loc Name indicate Third Party information is not applicable.,800564,EVERG NR/CIG (PKW) PICKETWIRE LAS A,B,LAS ANIMAS,CO,GTH,CIG ML,CIG ML,234,Y,A,20141101,,Y,EVERGREEN NATURAL RESOURCES LLC.,116951424,10517,N,,,,,,20200827 15:00
6914865,COLORADO INTERSTATE GAS CO.,C000981,20260331 09:39,Blanks under Up/Dn Loc and Up/Dn Loc Name indicate Third Party information is not applicable.,800573,MIGC/CIG (POW) POWDER RIVER CONVERS,R,CONVERSE,WY,PLT,CIG ML,CIG ML,160,N,A,20141101,,Y,MIGC LLC,72305824,8239,Y,C001294,28989,CIG POWDER RIVER,,,20200827 15:00
6914865,COLORADO INTERSTATE GAS CO.,C000981,20260331 09:39,Blanks under Up/Dn Loc and Up/Dn Loc Name indicate Third Party information is not applicable.,800579,MW OVR/WIC (PPW) PIONEER PROCESSING,R,LINCOLN,WY,PLT,OT,OT,936,Y,A,20141101,,Y,MOUNTAINWEST OVERTHRUST PIPELINE  LLC,843758483,3045,Y,C001087,10026,PIONEER PROCESSING PLANT,,,20220419 09:00
6914865,COLORADO INTERSTATE GAS CO.,C000981,20260331 09:39,Blanks under Up/Dn Loc and Up/Dn Loc Name indicate Third Party information is not applicable.,800599,PSCC/CIG (PUE) PUEBLO STATIONS PUEB,D,PUEBLO,CO,LDC,CIG ML,CIG ML,231,Y,A,20141101,,Y,PUBLIC SERVICE COMPANY OF COLORADO,6915953,26349,Y,C000821,PUE,CIG NORTH PUEBLO TOWN BORDER,,,20200827 15:00
6914865,COLORADO INTERSTATE GAS CO.,C000981,20260331 09:39,Blanks under Up/Dn Loc and Up/Dn Loc Name indicate Third Party information is not applicable.,800608,CIG/CIG (PWV) PICKETWIRE-VALLEY LIN,R,LAS ANIMAS,CO,VIR,CIG ML,CIG ML,233,Y,A,20141101,,N,,,,,,,,,,20200827 15:00
6914865,COLORADO INTERSTATE GAS CO.,C000981,20260331 09:39,Blanks under Up/Dn Loc and Up/Dn Loc Name indicate Third Party information is not applicable.,800614,CIG/CPG (RCD) RED CLOUD METER STATI,D,WELD,CO,INT,CIG ML,CIG ML,172,Y,A,20141101,,Y,COLORADO INTERSTATE GAS COMPANY  L.L.C.,6914865,15038,Y,C000981,800614,CIG/CPG (RCD) RED CLOUD METER STATI,,,20200827 15:00
6914865,COLORADO INTERSTATE GAS CO.,C000981,20260331 09:39,Blanks under Up/Dn Loc and Up/Dn Loc Name indicate Third Party information is not applicable.,800616,BARGATH/CIG (RCL) ROAN CLIFFS GARFI,R,GARFIELD,CO,PLT,CIG ML,CIG ML,118,Y,A,20141101,,Y,BARGATH  LLC,22889147,5321,N,,,,,,20200827 15:00
6914865,COLORADO INTERSTATE GAS CO.,C000981,20260331 09:39,Blanks under Up/Dn Loc and Up/Dn Loc Name indicate Third Party information is not applicable.,800617,MW OVR/WIC (RCW) ROBERSON CREEK LIN,D,LINCOLN,WY,INT,OT,OT,931,Y,A,20141101,,Y,MOUNTAINWEST OVERTHRUST PIPELINE  LLC,843758483,3045,Y,C001087,10018,ROBERSON CREEK,,,20220419 09:00
6914865,COLORADO INTERSTATE GAS CO.,C000981,20260331 09:39,Blanks under Up/Dn Loc and Up/Dn Loc Name indicate Third Party information is not applicable.,800633,USREAMID/WIC (RIM) RED RIM CARBON,R,CARBON,WY,PLT,WIC ML,WIC ML,432,Y,A,20141101,,Y,US REALM MIDSTREAM I  LLC,,10684,N,,,,,,20220210 09:00
6914865,COLORADO INTERSTATE GAS CO.,C000981,20260331 09:39,Blanks under Up/Dn Loc and Up/Dn Loc Name indicate Third Party information is not applicable.,800638,SSC GPL/CIG (RNR) RINER ROAD CARBON,B,CARBON,WY,INT,CIG ML,CIG ML,132,Y,A,20141101,,Y,SOUTHERN STAR CENTRAL GAS PIPELINE  INC.,7906233,2276,Y,C000374,47641,CIG RINER (D),14965,CIG RINER (R),20200827 15:00
6914865,COLORADO INTERSTATE GAS CO.,C000981,20260331 09:39,Blanks under Up/Dn Loc and Up/Dn Loc Name indicate Third Party information is not applicable.,800642,DCP OPER/CIG (ROG) ROGGEN WELD,B,WELD,CO,PLT,CIG ML,CIG ML,256,Y,A,20141101,,Y,DCP OPERATING COMPANY  LP,3048753,3368,Y,C011323,800642,(ROG) ROGGEN,,,20220525 09:00
6914865,COLORADO INTERSTATE GAS CO.,C000981,20260331 09:39,Blanks under Up/Dn Loc and Up/Dn Loc Name indicate Third Party information is not applicable.,800655,MW OVR/WIC (RSI) RYCKMAN STORAGE IN,D,UINTA,WY,STR,OT,OT,930,Y,A,20141101,,Y,MOUNTAINWEST OVERTHRUST PIPELINE  LLC,843758483,3045,Y,C001087,10832,RYCKMAN STORAGE INJECTION (OTPL),,,20220419 09:00
6914865,COLORADO INTERSTATE GAS CO.,C000981,20260331 09:39,Blanks under Up/Dn Loc and Up/Dn Loc Name indicate Third Party information is not applicable.,800658,MW OVR/WIC (RSW) RYCKMAN STORAGE WT,R,UINTA,WY,STR,OT,OT,930,Y,A,20141101,,Y,MOUNTAINWEST OVERTHRUST PIPELINE  LLC,843758483,3045,Y,C001087,10032,RYCKMAN STORAGE WITHDRAWAL (OTPL),,,20220419 09:00
6914865,COLORADO INTERSTATE GAS CO.,C000981,20260331 09:39,Blanks under Up/Dn Loc and Up/Dn Loc Name indicate Third Party information is not applicable.,800665,REX/WIC (RTO) OVERTHRUST/REX WAMSUT,B,SWEETWATER,WY,INT,OT,OT,935,N,A,20141101,,Y,ROCKIES EXPRESS PIPELINE LLC,784256161,955,Y,C000594,42804,OVRTHRUS/REX WAMSUTTER (OT #27) SWE,,,20200827 15:00
6914865,COLORADO INTERSTATE GAS CO.,C000981,20260331 09:39,Blanks under Up/Dn Loc and Up/Dn Loc Name indicate Third Party information is not applicable.,800666,CIG/WIC (RTW) RAWLINS TO WIC CARBON,B,CARBON,WY,INT,RTW,RTW,435,Y,A,20141101,,Y,COLORADO INTERSTATE GAS COMPANY  L.L.C.,6914865,15038,Y,C000981,800666,CIG/WIC (RTW) RAWLINS TO WIC CARBON,,,20200827 15:00
6914865,COLORADO INTERSTATE GAS CO.,C000981,20260331 09:39,Blanks under Up/Dn Loc and Up/Dn Loc Name indicate Third Party information is not applicable.,800677,CIG/CIG (SHB) SPRUCE HILL BLENDING,R,DOUGLAS,CO,VIR,CIG ML,CIG ML,210,Y,A,20141101,,N,,,,,,,,,,20200827 15:00
6914865,COLORADO INTERSTATE GAS CO.,C000981,20260331 09:39,Blanks under Up/Dn Loc and Up/Dn Loc Name indicate Third Party information is not applicable.,800679,WGI/CIG (SHE) SHERMAN COUNTY SHERMA,D,SHERMAN,TX,LDC,CIG ML,CIG ML,296,Y,A,20141101,,Y,WESTERN GAS INTERSTATE COMPANY,97554737,7856,Y,C000770,800679,WGI/CIG (SHE) SHERMAN COUNTY SHERMA,,,20200827 15:00
6914865,COLORADO INTERSTATE GAS CO.,C000981,20260331 09:39,Blanks under Up/Dn Loc and Up/Dn Loc Name indicate Third Party information is not applicable.,800680,BHSC/CIG (SHH) SPRUCE HILL HIGH DOU,D,DOUGLAS,CO,LDC,CIG ML,CIG ML,212,Y,A,20141101,,Y,BLACK HILLS SERVICE COMPANY  LLC,79534838,10500,N,,,,,,20200827 15:00
6914865,COLORADO INTERSTATE GAS CO.,C000981,20260331 09:39,Blanks under Up/Dn Loc and Up/Dn Loc Name indicate Third Party information is not applicable.,800681,(SHP) SOUTHERN HEADSTATION PO,B,BACA,CO,PPT,CIG ML,CIG ML,268,Y,A,20141101,,N,,,,,,,,,,20200827 15:00
6914865,COLORADO INTERSTATE GAS CO.,C000981,20260331 09:39,Blanks under Up/Dn Loc and Up/Dn Loc Name indicate Third Party information is not applicable.,800682,CIG/CIG (SHR) SPRUCE HILL ROUTE DOU,R,DOUGLAS,CO,VIR,CIG ML,CIG ML,212,Y,A,20141101,,N,,,,,,,,,,20200827 15:00
6914865,COLORADO INTERSTATE GAS CO.,C000981,20260331 09:39,Blanks under Up/Dn Loc and Up/Dn Loc Name indicate Third Party information is not applicable.,800683,LADDERC/CIG (SIN) SINGING GRASS CHE,B,CHEYENNE,CO,GTH,CIG ML,CIG ML,262,Y,A,20141101,,Y,LADDER CREEK  LLC,64642773,10715,Y,C011513,68901011,TK-CIG PURCHASE,68901009,TK-CIG SALES,20220722 09:00
6914865,COLORADO INTERSTATE GAS CO.,C000981,20260331 09:39,Blanks under Up/Dn Loc and Up/Dn Loc Name indicate Third Party information is not applicable.,800687,SLVR MNT/CIG (SMT) SILVER MOUNTAIN,B,HUERFANO,CO,GTH,CIG ML,CIG ML,273,Y,A,20141101,,Y,SILVER MOUNTAIN ENERGY LLC,110680206,11122,N,,,,,,20230228 12:00
6914865,COLORADO INTERSTATE GAS CO.,C000981,20260331 09:39,Blanks under Up/Dn Loc and Up/Dn Loc Name indicate Third Party information is not applicable.,800709,CIG/WIC (SWT) SWEETWATER SWEETWATER,R,SWEETWATER,WY,INT,SWT,SWT,425,Y,A,20141101,,Y,COLORADO INTERSTATE GAS COMPANY  L.L.C.,6914865,15038,Y,C000981,800709,CIG/WIC (SWT) SWEETWATER SWEETWATER,,,20200827 15:00
6914865,COLORADO INTERSTATE GAS CO.,C000981,20260331 09:39,Blanks under Up/Dn Loc and Up/Dn Loc Name indicate Third Party information is not applicable.,800715,(TCS) STORAGE INJ/WTD,B,MORGAN,CO,STR,CIG ML,CIG ML,276,Y,A,20141101,,N,,,,,,,,,,20200827 15:00
6914865,COLORADO INTERSTATE GAS CO.,C000981,20260331 09:39,Blanks under Up/Dn Loc and Up/Dn Loc Name indicate Third Party information is not applicable.,800716,WIC/CPG (TDC) THUNDER CHIEF METER S,D,WELD,CO,INT,TDC,TDC,444,Y,A,20141101,,Y,WYOMING INTERSTATE COMPANY  L.L.C.,30669048,4669,Y,C000978,800716,WIC/CPG (TDC) THUNDER CHIEF METER S,,,20200827 15:00
6914865,COLORADO INTERSTATE GAS CO.,C000981,20260331 09:39,Blanks under Up/Dn Loc and Up/Dn Loc Name indicate Third Party information is not applicable.,800722,WRH/WIC (TPL) TRAPPERS LAKE RIO BLA,B,RIO BLANCO,CO,INT,WIC PC,WIC PC,422,Y,A,20141101,,Y,WHITE RIVER HUB LLC,828611181,4879,Y,C001089,40601,TRAPPERS LAKE (DEL),40600,TRAPPERS LAKE (REC),20200827 15:00
6914865,COLORADO INTERSTATE GAS CO.,C000981,20260331 09:39,Blanks under Up/Dn Loc and Up/Dn Loc Name indicate Third Party information is not applicable.,800727,TRINIDAD/CIG (TRI) TRINIDAD LAS ANI,D,LAS ANIMAS,CO,LDC,CIG ML,CIG ML,232,Y,A,20141101,,Y,CITY OF TRINIDAD,76452556,8237,N,,,,,,20230811 12:00
6914865,COLORADO INTERSTATE GAS CO.,C000981,20260331 09:39,Blanks under Up/Dn Loc and Up/Dn Loc Name indicate Third Party information is not applicable.,800730,PSCC/CIG (TTN) TRI-TOWN PP WELD,D,WELD,CO,EGN,CIG HP,CIG HP,246,Y,A,20141101,,Y,PUBLIC SERVICE COMPANY OF COLORADO,6915953,26349,Y,C000821,TTN,CIG TRI-TOWN,,,20211211 09:00
6914865,COLORADO INTERSTATE GAS CO.,C000981,20260331 09:39,Blanks under Up/Dn Loc and Up/Dn Loc Name indicate Third Party information is not applicable.,800733,(UHP) UINTAH HEADSTATION POOL,B,MOFFAT,CO,PPT,CIG ML,CIG ML,124,Y,A,20141101,,N,,,,,,,,,,20200827 15:00
6914865,COLORADO INTERSTATE GAS CO.,C000981,20260331 09:39,Blanks under Up/Dn Loc and Up/Dn Loc Name indicate Third Party information is not applicable.,800742,(VHP) POWDER RIVER HEADSTATIO,B,ALBANY,WY,PPT,CIG ML,CIG ML,160,N,A,20141101,,N,,,,,,,,,,20250313 09:00
6914865,COLORADO INTERSTATE GAS CO.,C000981,20260331 09:39,Blanks under Up/Dn Loc and Up/Dn Loc Name indicate Third Party information is not applicable.,800759,WESDJGP/CIG (WAT) WATKINS ADAMS,R,ADAMS,CO,PLT,CIG ML,CIG ML,260,Y,A,20141101,,Y,WES DJ GAS PROCESSING LLC,,10534,N,,,,,,20230501 09:00
6914865,COLORADO INTERSTATE GAS CO.,C000981,20260331 09:39,Blanks under Up/Dn Loc and Up/Dn Loc Name indicate Third Party information is not applicable.,800760,WIC/CIG (WAW) WAMSUTTER TO WIC SWEE,D,SWEETWATER,WY,INT,WAW,WAW,423,Y,A,20141101,,Y,WYOMING INTERSTATE COMPANY  L.L.C.,30669048,4669,Y,C000978,800760,WIC/CIG (WAW) WAMSUTTER TO WIC SWEE,,,20200827 15:00
6914865,COLORADO INTERSTATE GAS CO.,C000981,20260331 09:39,Blanks under Up/Dn Loc and Up/Dn Loc Name indicate Third Party information is not applicable.,800769,TALLGRAS/CIG (WEL) WELD COUNTY KN W,B,WELD,CO,INT,CIG ML,CIG ML,166,Y,A,20141101,,Y,TALLGRASS INTERSTATE GAS TRANSMISSION  LLC,828257431,18,Y,C000597,6997,CIG/TIGT BIDI INTERCONNECT WELD,,,20200827 15:00
6914865,COLORADO INTERSTATE GAS CO.,C000981,20260331 09:39,Blanks under Up/Dn Loc and Up/Dn Loc Name indicate Third Party information is not applicable.,800770,WSTRNSGR/CIG (WES) WESTERN SUGAR MO,D,MORGAN,CO,END,CIG ML,CIG ML,255,Y,A,20141101,,Y,THE WESTERN SUGAR COOPERATIVE,139728406,2274,N,,,,,,20200827 15:00
6914865,COLORADO INTERSTATE GAS CO.,C000981,20260331 09:39,Blanks under Up/Dn Loc and Up/Dn Loc Name indicate Third Party information is not applicable.,800771,EVERG NR/CIG (WET) WET CANYON LAS A,B,LAS ANIMAS,CO,GTH,CIG ML,CIG ML,236,Y,A,20141101,,Y,EVERGREEN NATURAL RESOURCES LLC.,116951424,10517,N,,,,,,20200827 15:00
6914865,COLORADO INTERSTATE GAS CO.,C000981,20260331 09:39,Blanks under Up/Dn Loc and Up/Dn Loc Name indicate Third Party information is not applicable.,800789,MW OVR/WIC (WQW) QPC WHITNEY CANYON,D,UINTA,WY,INT,OT,OT,930,Y,A,20141101,,Y,MOUNTAINWEST OVERTHRUST PIPELINE  LLC,843758483,3045,Y,C001087,10006,QPC WHITNEY CANYON,,,20220419 09:00
6914865,COLORADO INTERSTATE GAS CO.,C000981,20260331 09:39,Blanks under Up/Dn Loc and Up/Dn Loc Name indicate Third Party information is not applicable.,800793,BLKHILLS/CIG (WRK) WHITE ROCK OTERO,D,OTERO,CO,LDC,CIG ML,CIG ML,229,Y,A,20141101,,Y,BLACK HILLS COLORADO GAS  INC. D/B/A BLACK HILLS ENERGY,829482046,10806,N,,,,,,20250902 12:00
6914865,COLORADO INTERSTATE GAS CO.,C000981,20260331 09:39,Blanks under Up/Dn Loc and Up/Dn Loc Name indicate Third Party information is not applicable.,800794,KTRESRCE/CIG (WRM) WHITE RIVER METE,R,RIO BLANCO,CO,GTH,CIG ML,CIG ML,124,Y,A,20141101,,Y,KT RESOURCES LLC,,10982,N,,,,,,20220511 09:00
6914865,COLORADO INTERSTATE GAS CO.,C000981,20260331 09:39,Blanks under Up/Dn Loc and Up/Dn Loc Name indicate Third Party information is not applicable.,800808,REX/WIC (WTR) WHITE RIVER/REX MEEKE,R,RIO BLANCO,CO,INT,REX,REX,920,N,A,20141101,,Y,ROCKIES EXPRESS PIPELINE LLC,784256161,955,Y,C000594,42234,WHITE RI/REX MEEKER RIO BLANCO,,,20200827 15:00
6914865,COLORADO INTERSTATE GAS CO.,C000981,20260331 09:39,Blanks under Up/Dn Loc and Up/Dn Loc Name indicate Third Party information is not applicable.,800819,BHWYGAS/CIG (WYT) WYOMING HILINE TA,D,ALBANY,WY,LDC,CIG ML,CIG ML,162,Y,A,20141101,,Y,BLACK HILLS WYOMING GAS  LLC,117003540,10654,Y,C010420,800819,BHWYGAS/CIG (WYT) WYOMING HILINE TA,,,20220215 09:00
6914865,COLORADO INTERSTATE GAS CO.,C000981,20260331 09:39,Blanks under Up/Dn Loc and Up/Dn Loc Name indicate Third Party information is not applicable.,800822,MW OVR/WIC (XOW) QPC TO X016 DEL SW,D,SWEETWATER,WY,INT,OT,OT,933,Y,A,20141101,,Y,MOUNTAINWEST OVERTHRUST PIPELINE  LLC,843758483,3045,Y,C001087,10008,OTPL TO QPC X016 DEL,,,20220419 09:00
6914865,COLORADO INTERSTATE GAS CO.,C000981,20260331 09:39,Blanks under Up/Dn Loc and Up/Dn Loc Name indicate Third Party information is not applicable.,800826,YGS/CIG (YCS) YOUNG GAS STORAGE MOR,B,MORGAN,CO,STR,CIG ML,CIG ML,256,Y,A,20141101,,Y,YOUNG GAS STORAGE COMPANY  LTD,876708744,158,Y,C000985,800826,YGS/CIG (YCS) YOUNG GAS STORAGE MOR,,,20200827 15:00
6914865,COLORADO INTERSTATE GAS CO.,C000981,20260331 09:39,Blanks under Up/Dn Loc and Up/Dn Loc Name indicate Third Party information is not applicable.,800827,(YHP) WIND RIVER DRY HEADSTAT,B,NATRONA,WY,PPT,CIG ML,CIG ML,154,Y,A,20141101,,N,,,,,,,,,,20200827 15:00
6914865,COLORADO INTERSTATE GAS CO.,C000981,20260331 09:39,Blanks under Up/Dn Loc and Up/Dn Loc Name indicate Third Party information is not applicable.,800838,(ZHP) WIND RIVER WET HEADSTAT,B,FREMONT,WY,PPT,CIG ML,CIG ML,138,Y,A,20141101,,N,,,,,,,,,,20200827 15:00
6914865,COLORADO INTERSTATE GAS CO.,C000981,20260331 09:39,Blanks under Up/Dn Loc and Up/Dn Loc Name indicate Third Party information is not applicable.,800864,SUNSHINE/CIG (PTR) POINT OF ROCKS D,D,SWEETWATER,WY,END,CIG ML,CIG ML,110,Y,I,,20221027,Y,SUNSHINE VALLEY PETROLEUM CO.,,2496,N,,,,,,20230110 12:00
6914865,COLORADO INTERSTATE GAS CO.,C000981,20260331 09:39,Blanks under Up/Dn Loc and Up/Dn Loc Name indicate Third Party information is not applicable.,800867,PSCC/CIG (LPS) LIMON PP LINCOLN,D,LINCOLN,CO,EGN,CIG ML,CIG ML,262,N,I,,20160501,Y,PUBLIC SERVICE COMPANY OF COLORADO,6915953,26349,Y,C000821,800867,PSCC/CIG (LPS) LIMON PUBLIC SERVICE,,,20211211 09:00
6914865,COLORADO INTERSTATE GAS CO.,C000981,20260331 09:39,Blanks under Up/Dn Loc and Up/Dn Loc Name indicate Third Party information is not applicable.,801159,WESDJGAT/CIG (HAM) HAMBERT RECEIPT,R,WELD,CO,PLT,CIG ML,CIG ML,218,Y,A,20190521,,Y,WES DJ GATHERING LLC,78514722,9259,N,,,,,,20230425 09:00
6914865,COLORADO INTERSTATE GAS CO.,C000981,20260331 09:39,Blanks under Up/Dn Loc and Up/Dn Loc Name indicate Third Party information is not applicable.,801485,PSCC/CIG (CCR) COYOTE CREEK PP WELD,D,WELD,CO,EGN,CIG ML,CIG ML,200,Y,A,20240901,,Y,PUBLIC SERVICE COMPANY OF COLORADO,6915953,26349,Y,C000821,CCR,CIG COYOTE CREEK,,,20240917 12:00
6914865,COLORADO INTERSTATE GAS CO.,C000981,20260331 09:39,Blanks under Up/Dn Loc and Up/Dn Loc Name indicate Third Party information is not applicable.,801487,PSCC/CIG (FLD) FULTON DITCH PP WELD,D,WELD,CO,EGN,CIG HP,CIG HP,246,Y,A,20240901,,Y,PUBLIC SERVICE COMPANY OF COLORADO,6915953,26349,Y,C000821,FLD,CIG FULTON DITCH,,,20240917 12:00
6914865,COLORADO INTERSTATE GAS CO.,C000981,20260331 09:39,Blanks under Up/Dn Loc and Up/Dn Loc Name indicate Third Party information is not applicable.,801489,PLRIVBIO/CIG (HRT) HEARTLAND WELD,B,WELD,CO,RNG,CIG HP,CIG HP,180,Y,A,20141101,,Y,PLATTE RIVER BIOGAS  LLC,117590499,10782,N,,,,,,20211211 09:00
6914865,COLORADO INTERSTATE GAS CO.,C000981,20260331 09:39,Blanks under Up/Dn Loc and Up/Dn Loc Name indicate Third Party information is not applicable.,808680,STRACHAN/CIG (BEN) BENT WAGON TRAIL,R,BENT,CO,GTH,CIG ML,CIG ML,266,Y,A,20240901,,Y,STRACHAN EXPLORATION  INC.,612359117,2343,N,,,,,,20240917 12:00
6914865,COLORADO INTERSTATE GAS CO.,C000981,20260331 09:39,Blanks under Up/Dn Loc and Up/Dn Loc Name indicate Third Party information is not applicable.,827250,CMBRLND/CIG (MTS) MEETEETSEE PARK,R,PARK,WY,GTH,CIG ML,CIG ML,144,Y,A,20240901,,Y,CUMBERLAND OPERATING LLC,88543362,9554,N,,,,,,20240918 12:00
6914865,COLORADO INTERSTATE GAS CO.,C000981,20260331 09:39,Blanks under Up/Dn Loc and Up/Dn Loc Name indicate Third Party information is not applicable.,831595,STRACHAN/CIG (EDR) EAST DRY CREEK B,R,BENT,CO,GTH,CIG ML,CIG ML,266,N,I,,20180905,Y,STRACHAN EXPLORATION  INC.,612359117,2343,N,,,,,,20200827 15:00
6914865,COLORADO INTERSTATE GAS CO.,C000981,20260331 09:39,Blanks under Up/Dn Loc and Up/Dn Loc Name indicate Third Party information is not applicable.,853800,STRACHAN/CIG (KIO) KIOWA KIOWA,R,KIOWA,CO,GTH,CIG ML,CIG ML,266,Y,A,20230202,,Y,STRACHAN EXPLORATION  INC.,612359117,2343,N,,,,,,20230202 15:00
6914865,COLORADO INTERSTATE GAS CO.,C000981,20260331 09:39,Blanks under Up/Dn Loc and Up/Dn Loc Name indicate Third Party information is not applicable.,858600,WFS/CIG (MAR) MARIANNE RECEIPT SWEE,R,SWEETWATER,WY,GTH,CIG ML,CIG ML,110,Y,I,,20220919,Y,WILLIAMS FIELD SERVICES COMPANY  LLC,879847010,1086,N,,,,,,20221010 09:00
6914865,COLORADO INTERSTATE GAS CO.,C000981,20260331 09:39,Blanks under Up/Dn Loc and Up/Dn Loc Name indicate Third Party information is not applicable.,891003,CF&I/CIG (CFI) ROCKY MOUNTAIN STEEL,D,PUEBLO,CO,END,CIG ML,CIG ML,231,Y,A,20200210,,Y,CF&I STEEL  LP DBA ROCKY MOUNTAIN STEEL MILLS,805425675,8250,N,,,,,,20250910 09:00
6914865,COLORADO INTERSTATE GAS CO.,C000981,20260331 09:39,Blanks under Up/Dn Loc and Up/Dn Loc Name indicate Third Party information is not applicable.,891034,AMRIZE/CIG (IDE) IDEAL CEMENT FREMO,D,FREMONT,CO,END,CIG ML,CIG ML,227,Y,A,20240901,,Y,AMRIZE CEMENT INC.,608963674,7142,N,,,,,,20250829 12:00
6914865,COLORADO INTERSTATE GAS CO.,C000981,20260331 09:39,Blanks under Up/Dn Loc and Up/Dn Loc Name indicate Third Party information is not applicable.,891036,KEYES/CIG (KST) TOWN OF KEYES CIMAR,D,CIMARRON,OK,LDC,CIG ML,CIG ML,294,Y,A,20141101,,Y,TOWN OF KEYES,54588793,8224,N,,,,,,20230811 12:00
6914865,COLORADO INTERSTATE GAS CO.,C000981,20260331 09:39,Blanks under Up/Dn Loc and Up/Dn Loc Name indicate Third Party information is not applicable.,891038,MAPL/CIG (MDA) MID-AMERICA STATION,D,BEAVER,OK,END,CIG ML,CIG ML,290,Y,A,20141101,,Y,MID-AMERICA PIPELINE COMPANY,131817983,2652,N,,,,,,20200827 15:00
6914865,COLORADO INTERSTATE GAS CO.,C000981,20260331 09:39,Blanks under Up/Dn Loc and Up/Dn Loc Name indicate Third Party information is not applicable.,891040,QGC/CIG (WMT) WAMSUTTER TAP SWEETWA,D,SWEETWATER,WY,LDC,CIG ML,CIG ML,130,Y,A,20240901,,Y,QUESTAR GAS COMPANY,7939069,3034,Y,C011718,891040,(WMT) WAMSUTTER TAP,,,20240917 12:00
6914865,COLORADO INTERSTATE GAS CO.,C000981,20260331 09:39,Blanks under Up/Dn Loc and Up/Dn Loc Name indicate Third Party information is not applicable.,891044,NGPL/CIG (FOR) FORGAN BEAVER,D,BEAVER,OK,INT,CIG ML,CIG ML,290,Y,A,20230202,,Y,NATURAL GAS PIPELINE COMPANY OF AMERICA LLC,6931794,1,Y,C002096,905207,CIG/NGPL FORGAN BEAVER,,,20230202 15:00
6914865,COLORADO INTERSTATE GAS CO.,C000981,20260331 09:39,Blanks under Up/Dn Loc and Up/Dn Loc Name indicate Third Party information is not applicable.,891045,BHWYGAS/CIG (LAR) LARAMIE STATION A,D,ALBANY,WY,LDC,CIG ML,CIG ML,162,Y,A,20151101,,Y,BLACK HILLS WYOMING GAS  LLC,117003540,10654,Y,C010420,8180,CIG/BHE LARAMIE ALBANY,,,20220215 12:00
6914865,COLORADO INTERSTATE GAS CO.,C000981,20260331 09:39,Blanks under Up/Dn Loc and Up/Dn Loc Name indicate Third Party information is not applicable.,891068,BHSC/CIG (IBP) IOWA BEEF PROCESSORS,D,FINNEY,KS,END,CIG ML,CIG ML,282,Y,A,20141101,,Y,BLACK HILLS SERVICE COMPANY  LLC,79534838,10500,N,,,,,,20200827 15:00
6914865,COLORADO INTERSTATE GAS CO.,C000981,20260331 09:39,Blanks under Up/Dn Loc and Up/Dn Loc Name indicate Third Party information is not applicable.,891072,AEC-I/CIG (SPR) SPRINGFIELD METER B,D,BACA,CO,LDC,CIG ML,CIG ML,268,Y,A,20190401,,Y,ATMOS ENERGY   CORPORATION,108203241,4240,N,,,,,,20240718 09:00
6914865,COLORADO INTERSTATE GAS CO.,C000981,20260331 09:39,Blanks under Up/Dn Loc and Up/Dn Loc Name indicate Third Party information is not applicable.,891100,RATONGAS/CIG (RTN) RATON STATION LA,D,LAS ANIMAS,CO,LDC,CIG ML,CIG ML,232,Y,A,20241025,,Y,RATON GAS TRANSMISSION CO,965769383,8292,N,,,,,,20241025 12:00
6914865,COLORADO INTERSTATE GAS CO.,C000981,20260331 09:39,Blanks under Up/Dn Loc and Up/Dn Loc Name indicate Third Party information is not applicable.,891104,WALSEN/CIG (WSB) WALSENBURG LAS ANI,D,LAS ANIMAS,CO,LDC,CIG ML,CIG ML,232,Y,A,20221215,,Y,CITY OF WALSENBURG,67308080,8238,N,,,,,,20230811 12:00
6914865,COLORADO INTERSTATE GAS CO.,C000981,20260331 09:39,Blanks under Up/Dn Loc and Up/Dn Loc Name indicate Third Party information is not applicable.,891126,SINCLAIR/CIG (RAW) RAWLINS/SINCLAIR,D,CARBON,WY,END,CIG ML,CIG ML,156,Y,A,20230810,,Y,SINCLAIR OIL CORPORATION,785017604,2265,N,,,,,,20230810 09:00
6914865,COLORADO INTERSTATE GAS CO.,C000981,20260331 09:39,Blanks under Up/Dn Loc and Up/Dn Loc Name indicate Third Party information is not applicable.,891129,NNG/CIG (DUM) DUMAS STATION MOORE,D,MOORE,TX,INT,CIG ML,CIG ML,296,Y,A,20200403,,Y,NORTHERN NATURAL GAS COMPANY,784158214,2950,Y,C000060,360,CIG/NNG DUMAS,,,20200827 15:00
6914865,COLORADO INTERSTATE GAS CO.,C000981,20260331 09:39,Blanks under Up/Dn Loc and Up/Dn Loc Name indicate Third Party information is not applicable.,891267,MIDSTREA/CIG (STF) STURGIS TOTAL FU,D,CIMARRON,OK,END,CIG ML,CIG ML,294,Y,A,20141101,,Y,MIDSTREAM ENERGY SERVICES  LLC,177906927,4778,N,,,,,,20200827 15:00
6914865,COLORADO INTERSTATE GAS CO.,C000981,20260331 09:39,Blanks under Up/Dn Loc and Up/Dn Loc Name indicate Third Party information is not applicable.,891289,WYDPTTRN/CIG (WHD) WYO. HIGHWAY DEP,D,SWEETWATER,WY,LDC,CIG ML,CIG ML,110,Y,A,20210623,,Y,WYOMING DEPT OF TRANSPORTATION,809916000,8220,N,,,,,,20210623 12:00
6914865,COLORADO INTERSTATE GAS CO.,C000981,20260331 09:39,Blanks under Up/Dn Loc and Up/Dn Loc Name indicate Third Party information is not applicable.,891292,WTG/CIG (WTX) WEST TEXAS MOORE,D,MOORE,TX,LDC,CIG ML,CIG ML,298,Y,A,20200501,,Y,WEST TEXAS GAS INC.,60150745,5357,Y,C000652,891292,WTG/CIG (WTX) WEST TEXAS MOORE,,,20200827 15:00
6914865,COLORADO INTERSTATE GAS CO.,C000981,20260331 09:39,Blanks under Up/Dn Loc and Up/Dn Loc Name indicate Third Party information is not applicable.,891489,TRNSWEST/CIG (TUM) TUMBLEWEED METER,D,SHERMAN,TX,INT,CIG ML,CIG ML,296,Y,A,20230204,,Y,TRANSWESTERN PIPELINE COMPANY  LLC,7933047,4157,Y,C000076,9198,CIG TUMBLEWEED REC CIG TW,,,20230204 09:00
6914865,COLORADO INTERSTATE GAS CO.,C000981,20260331 09:39,Blanks under Up/Dn Loc and Up/Dn Loc Name indicate Third Party information is not applicable.,891490,WTG/CIG (PAL) PALO DURO METER STATI,D,SHERMAN,TX,LDC,CIG ML,CIG ML,296,Y,A,20230203,,Y,WEST TEXAS GAS INC.,60150745,5357,Y,C000652,891490,WTG/CIG (PAL) PALO DURO METER STATI,,,20230203 09:00
6914865,COLORADO INTERSTATE GAS CO.,C000981,20260331 09:39,Blanks under Up/Dn Loc and Up/Dn Loc Name indicate Third Party information is not applicable.,891645,WESOPER/CIG (BLF) BLUE FOREST SWEET,R,SWEETWATER,WY,PLT,CIG ML,CIG ML,104,Y,A,20250407,,Y,WES OPERATING HOLDCO LLC,833755577,8275,N,,,,,,20250408 09:00
6914865,COLORADO INTERSTATE GAS CO.,C000981,20260331 09:39,Blanks under Up/Dn Loc and Up/Dn Loc Name indicate Third Party information is not applicable.,891702,CHEMCO/CIG (CAV) CAVALRY KIOWA,R,KIOWA,CO,GTH,CIG ML,CIG ML,278,N,I,,20210715,Y,CHEMCO INC,91907139,8229,N,,,,,,20210726 15:00
6914865,COLORADO INTERSTATE GAS CO.,C000981,20260331 09:39,Blanks under Up/Dn Loc and Up/Dn Loc Name indicate Third Party information is not applicable.,891706,MERIT/CIG (CLS) CARLSON PARK,B,PARK,WY,PLT,CIG ML,CIG ML,144,Y,A,20141101,,Y,MERIT ENERGY COMPANY  LLC,605470475,20444,N,,,,,,20201026 12:00
6914865,COLORADO INTERSTATE GAS CO.,C000981,20260331 09:39,Blanks under Up/Dn Loc and Up/Dn Loc Name indicate Third Party information is not applicable.,891735,KERN/CIG (MUD) MUDDY CREEK LINCOLN,D,LINCOLN,WY,INT,CIG ML,CIG ML,102,Y,A,20240901,,Y,KERN RIVER GAS TRANSMISSION CO.,621617372,19873,Y,C000962,68530,CIG MUDDY CREEK - CIG,,,20240917 12:00
6914865,COLORADO INTERSTATE GAS CO.,C000981,20260331 09:39,Blanks under Up/Dn Loc and Up/Dn Loc Name indicate Third Party information is not applicable.,891786,DCP OPER/CIG (EPR) ENTERPRISE NORTH,R,WELD,CO,GTH,CIG ML,CIG ML,300,Y,A,20221215,,Y,DCP OPERATING COMPANY  LP,3048753,3368,Y,C011323,891786,(EPR) ENTERPRISE NORTH,,,20221216 09:00
6914865,COLORADO INTERSTATE GAS CO.,C000981,20260331 09:39,Blanks under Up/Dn Loc and Up/Dn Loc Name indicate Third Party information is not applicable.,891790,BP ENERG/CIG (BER) BOX ELDER RESIDU,R,ADAMS,CO,PLT,CIG ML,CIG ML,256,N,I,,20240901,Y,BP ENERGY COMPANY,625275755,17997,N,,,,,,20240918 12:00
6914865,COLORADO INTERSTATE GAS CO.,C000981,20260331 09:39,Blanks under Up/Dn Loc and Up/Dn Loc Name indicate Third Party information is not applicable.,891797,WTG/CIG (BRW) BARBWIRE SHERMAN,D,SHERMAN,TX,LDC,CIG ML,CIG ML,296,Y,A,20210128,,Y,WEST TEXAS GAS INC.,60150745,5357,Y,C000652,891797,WTG/CIG (BRW) BARBWIRE SHERMAN,,,20210129 12:00
6914865,COLORADO INTERSTATE GAS CO.,C000981,20260331 09:39,Blanks under Up/Dn Loc and Up/Dn Loc Name indicate Third Party information is not applicable.,891807,PSCC/CIG (SKL) SKYLINE PP WELD,D,WELD,CO,EGN,CIG ML,CIG ML,218,N,I,,20190801,Y,PUBLIC SERVICE COMPANY OF COLORADO,6915953,26349,Y,C000821,891807,PSCC/CIG (SKL) SKYLINE WELD,,,20211211 09:00
6914865,COLORADO INTERSTATE GAS CO.,C000981,20260331 09:39,Blanks under Up/Dn Loc and Up/Dn Loc Name indicate Third Party information is not applicable.,891820,WTG/CIG (CTL) CATTLE GUARD SHERMAN,D,SHERMAN,TX,LDC,CIG ML,CIG ML,296,Y,A,20210423,,Y,WEST TEXAS GAS INC.,60150745,5357,Y,C000652,891820,WTG/CIG (CTL) CATTLE GUARD SHERMAN,,,20210423 12:00
6914865,COLORADO INTERSTATE GAS CO.,C000981,20260331 09:39,Blanks under Up/Dn Loc and Up/Dn Loc Name indicate Third Party information is not applicable.,891821,OVUSA/CIG (BCK) BRIDGER CREEK FREMO,R,FREMONT,WY,GTH,CIG ML,CIG ML,148,N,I,,20181119,Y,OVINTIV USA INC.,30007947,3988,N,,,,,,20200827 15:00
6914865,COLORADO INTERSTATE GAS CO.,C000981,20260331 09:39,Blanks under Up/Dn Loc and Up/Dn Loc Name indicate Third Party information is not applicable.,891831,NSHOREEP/CIG (SNW) SANDWASH MOFFAT,R,MOFFAT,CO,GTH,CIG ML,CIG ML,124,Y,A,20240901,,Y,NORTH SHORE EXPLORATION AND PRODUCTION  LLC,80274691,10546,N,,,,,,20240917 12:00
6914865,COLORADO INTERSTATE GAS CO.,C000981,20260331 09:39,Blanks under Up/Dn Loc and Up/Dn Loc Name indicate Third Party information is not applicable.,891832,NW P/L/CIG (SSP) SAND SPRINGS RIO B,D,RIO BLANCO,CO,INT,CIG ML,CIG ML,113,Y,A,20240901,,Y,NORTHWEST PIPELINE LLC,67977322,2955,Y,C000640,58,SAND SPRINGS,,,20240917 12:00
6914865,COLORADO INTERSTATE GAS CO.,C000981,20260331 09:39,Blanks under Up/Dn Loc and Up/Dn Loc Name indicate Third Party information is not applicable.,891849,KOCH EXP/CIG (FRZ) FRITZ STATE BIG,R,BIG HORN,WY,GTH,CIG ML,CIG ML,146,N,I,,20181029,Y,KOCH EXPLORATION COMPANY  LLC,105615749,3357,N,,,,,,20200827 15:00
6914865,COLORADO INTERSTATE GAS CO.,C000981,20260331 09:39,Blanks under Up/Dn Loc and Up/Dn Loc Name indicate Third Party information is not applicable.,891862,CONTANGO/CIG (MSN) MADISON FREMONT,R,FREMONT,WY,PLT,CIG ML,CIG ML,150,Y,A,20251009,,Y,CONTANGO RESOURCES  LLC,804411895,4641,N,,,,,,20251014 09:00
6914865,COLORADO INTERSTATE GAS CO.,C000981,20260331 09:39,Blanks under Up/Dn Loc and Up/Dn Loc Name indicate Third Party information is not applicable.,891874,TWNWALD/CIG (WLD) WALDEN ALBANY,D,ALBANY,WY,LDC,CIG ML,CIG ML,162,Y,A,20151110,,Y,TOWN OF WALDEN,182226456,8217,N,,,,,,20200827 15:00
6914865,COLORADO INTERSTATE GAS CO.,C000981,20260331 09:39,Blanks under Up/Dn Loc and Up/Dn Loc Name indicate Third Party information is not applicable.,891881,GRIZZLY/CIG (CGF) CAVE GULCH FEDERA,R,NATRONA,WY,GTH,CIG ML,CIG ML,134,N,A,20240901,,Y,GRIZZLY OPERATING  LLC,,10596,N,,,,,,20240917 12:00
6914865,COLORADO INTERSTATE GAS CO.,C000981,20260331 09:39,Blanks under Up/Dn Loc and Up/Dn Loc Name indicate Third Party information is not applicable.,891885,NW P/L/CIG (HMF) HAMS FORK LINCOLN,R,LINCOLN,WY,INT,CIG ML,CIG ML,100,Y,A,20240901,,Y,NORTHWEST PIPELINE LLC,67977322,2955,Y,C000640,544,HAMS FORK MS,,,20240917 12:00
6914865,COLORADO INTERSTATE GAS CO.,C000981,20260331 09:39,Blanks under Up/Dn Loc and Up/Dn Loc Name indicate Third Party information is not applicable.,891892,WYGAS/CIG (GBC) GOOSEBERRY CREEK WA,D,WASHAKIE,WY,LDC,CIG ML,CIG ML,146,Y,A,20221215,,Y,WYOMING GAS COMPANY  A DIVISION OF NATURAL GAS PROCESSING CO,8962359,9210,N,,,,,,20221216 09:00
6914865,COLORADO INTERSTATE GAS CO.,C000981,20260331 09:39,Blanks under Up/Dn Loc and Up/Dn Loc Name indicate Third Party information is not applicable.,891907,TATACHEM/CIG (ALP) ALKALI POND SWEE,D,SWEETWATER,WY,END,CIG ML,CIG ML,103,Y,A,20151101,,Y,TATA CHEMICALS SODA ASH PARTNERS LLC,806841300,8263,N,,,,,,20241216 09:00
6914865,COLORADO INTERSTATE GAS CO.,C000981,20260331 09:39,Blanks under Up/Dn Loc and Up/Dn Loc Name indicate Third Party information is not applicable.,891909,AETHON/CIG (FRD) FRENCHIE DRAW FREM,R,FREMONT,WY,GTH,CIG ML,CIG ML,136,N,I,,20230908,Y,AETHON ENERGY OPERATING LLC,,9445,N,,,,,,20230908 15:09
6914865,COLORADO INTERSTATE GAS CO.,C000981,20260331 09:39,Blanks under Up/Dn Loc and Up/Dn Loc Name indicate Third Party information is not applicable.,891926,WYGAS/CIG (BUR) BURLINGTON BIG HORN,D,BIG HORN,WY,LDC,CIG ML,CIG ML,146,Y,A,20141101,,Y,WYOMING GAS COMPANY  A DIVISION OF NATURAL GAS PROCESSING CO,8962359,9210,N,,,,,,20200827 15:00
6914865,COLORADO INTERSTATE GAS CO.,C000981,20260331 09:39,Blanks under Up/Dn Loc and Up/Dn Loc Name indicate Third Party information is not applicable.,891938,GRIZZLY/CIG (EGC) EAGLE CLAW NATRON,R,NATRONA,WY,GTH,CIG ML,CIG ML,134,N,I,,20230908,Y,GRIZZLY OPERATING  LLC,,10596,N,,,,,,20230908 15:09
6914865,COLORADO INTERSTATE GAS CO.,C000981,20260331 09:39,Blanks under Up/Dn Loc and Up/Dn Loc Name indicate Third Party information is not applicable.,891966,BLKHILLS/CIG (BGC) BADGER CREEK MOR,D,MORGAN,CO,LDC,CIG ML,CIG ML,255,Y,A,20141101,,Y,BLACK HILLS COLORADO GAS  INC. D/B/A BLACK HILLS ENERGY,829482046,10806,N,,50211,CIG/BHGD BADGER CREEK,,,20250930 09:00
6914865,COLORADO INTERSTATE GAS CO.,C000981,20260331 09:39,Blanks under Up/Dn Loc and Up/Dn Loc Name indicate Third Party information is not applicable.,891979,ET G&P/CIG (GRW) GREENWOOD FIELD CO,D,MORTON,KS,END,CIG ML,CIG ML,276,Y,A,20141101,,Y,ET GATHERING & PROCESSING LLC,32377308,3862,Y,C012199,891979,(GRW) GREENWOOD FIELD COMPRES,,,20240430 15:00
6914865,COLORADO INTERSTATE GAS CO.,C000981,20260331 09:39,Blanks under Up/Dn Loc and Up/Dn Loc Name indicate Third Party information is not applicable.,891989,PSCC/CIG (LPM) LODGEPOLE WELD,D,WELD,CO,INT,CIG ML,CIG ML,174,Y,A,20231017,,Y,PUBLIC SERVICE COMPANY OF COLORADO,6915953,26349,Y,C000821,LPM,CIG LODGEPOLE,,,20231017 09:00
6914865,COLORADO INTERSTATE GAS CO.,C000981,20260331 09:39,Blanks under Up/Dn Loc and Up/Dn Loc Name indicate Third Party information is not applicable.,892022,MIGC/WIC (AMS) ANTELOPE CONVERSE,R,CONVERSE,WY,PLT,WIC MB,WIC MB,440,Y,A,20230223,,Y,MIGC LLC,72305824,8239,Y,C001294,257,WIC ANTELOPE,,,20230223 09:00
6914865,COLORADO INTERSTATE GAS CO.,C000981,20260331 09:39,Blanks under Up/Dn Loc and Up/Dn Loc Name indicate Third Party information is not applicable.,892084,PNR USA/CIG (PFF) PANHANDLE FIELD F,D,MOORE,TX,END,CIG ML,CIG ML,298,N,I,,20180926,Y,PIONEER NATURAL RESOURCES USA  INC.,154679435,2016,N,,,,,,20200827 15:00
6914865,COLORADO INTERSTATE GAS CO.,C000981,20260331 09:39,Blanks under Up/Dn Loc and Up/Dn Loc Name indicate Third Party information is not applicable.,892088,PSCC/CIG (BLU) BLUE SPRUCE PP ADAMS,D,ADAMS,CO,EGN,CIG ML,CIG ML,260,Y,A,20251009,,Y,PUBLIC SERVICE COMPANY OF COLORADO,6915953,26349,Y,C000821,BLU,CIG BLUE SPRUCE,,,20251014 09:00
6914865,COLORADO INTERSTATE GAS CO.,C000981,20260331 09:39,Blanks under Up/Dn Loc and Up/Dn Loc Name indicate Third Party information is not applicable.,892149,PSCC/CIG (BCL) BEAVER CREEK LATERAL,D,MORGAN,CO,LDC,CIG ML,CIG ML,256,Y,A,20230203,,Y,PUBLIC SERVICE COMPANY OF COLORADO,6915953,26349,Y,C000821,BCL,CIG BEAVER CREEK LATERAL,,,20230203 12:00
6914865,COLORADO INTERSTATE GAS CO.,C000981,20260331 09:39,Blanks under Up/Dn Loc and Up/Dn Loc Name indicate Third Party information is not applicable.,892174,DYNO/CIG (DNP) DYNO NOBEL PLANT WEL,D,WELD,CO,END,CIG ML,CIG ML,166,N,I,,20240826,Y,DYNO NOBEL INC.,9091257,8267,N,,,,,,20240827 09:00
6914865,COLORADO INTERSTATE GAS CO.,C000981,20260331 09:39,Blanks under Up/Dn Loc and Up/Dn Loc Name indicate Third Party information is not applicable.,892187,AEC-I/CIG (GBP) GREELEY BOTTLING PL,D,WELD,CO,END,CIG ML,CIG ML,218,Y,A,20221215,,Y,ATMOS ENERGY   CORPORATION,108203241,4240,N,,,,,,20240718 09:00
6914865,COLORADO INTERSTATE GAS CO.,C000981,20260331 09:39,Blanks under Up/Dn Loc and Up/Dn Loc Name indicate Third Party information is not applicable.,892191,PSCC/CIG (STV) ST. VRAIN PP WELD,D,WELD,CO,EGN,CIG ML,CIG ML,198,Y,A,20230215,,Y,PUBLIC SERVICE COMPANY OF COLORADO,6915953,26349,Y,C000821,892191,PSCC/CIG (STV) ST. VRAIN DELIVERY,,,20230215 09:00
6914865,COLORADO INTERSTATE GAS CO.,C000981,20260331 09:39,Blanks under Up/Dn Loc and Up/Dn Loc Name indicate Third Party information is not applicable.,892218,EXXON/CIG (HGL) HATCH GULCH RECEIPT,R,RIO BLANCO,CO,PLT,CIG ML,CIG ML,114,N,A,20141101,,Y,EXXONMOBIL CORPORATION,1213214,3870,N,,,,,,20240327 09:00
6914865,COLORADO INTERSTATE GAS CO.,C000981,20260331 09:39,Blanks under Up/Dn Loc and Up/Dn Loc Name indicate Third Party information is not applicable.,892242,PARACHUT/CIG (GDH) GARDENHIRE RECEI,R,RIO BLANCO,CO,PLT,CIG ML,CIG ML,124,N,I,,20230908,Y,PARACHUTE PIPELINE LLC,831279497,8278,N,,,,,,20230908 15:09
6914865,COLORADO INTERSTATE GAS CO.,C000981,20260331 09:39,Blanks under Up/Dn Loc and Up/Dn Loc Name indicate Third Party information is not applicable.,892247,REX/CIG (CZH) CRAZY HORSE WELD,R,WELD,CO,INT,CZH,CZH,177,Y,A,20240901,,Y,ROCKIES EXPRESS PIPELINE LLC,784256161,955,Y,C000594,42525,CIG/REX CRAZY HORSE WELD,,,20240917 12:00
6914865,COLORADO INTERSTATE GAS CO.,C000981,20260331 09:39,Blanks under Up/Dn Loc and Up/Dn Loc Name indicate Third Party information is not applicable.,892251,BHSC/CIG (FIN) FINNEY METER STATION,D,FINNEY,KS,LDC,CIG ML,CIG ML,282,Y,A,20161001,,Y,BLACK HILLS SERVICE COMPANY  LLC,79534838,10500,N,,,,,,20200827 15:00
6914865,COLORADO INTERSTATE GAS CO.,C000981,20260331 09:39,Blanks under Up/Dn Loc and Up/Dn Loc Name indicate Third Party information is not applicable.,892264,WESDJGAT/CIG (DAC) DACONO DELIVERY,D,WELD,CO,END,CIG ML,CIG ML,218,Y,A,20250827,,Y,WES DJ GATHERING LLC,78514722,9259,N,,,,,,20250827 12:00
6914865,COLORADO INTERSTATE GAS CO.,C000981,20260331 09:39,Blanks under Up/Dn Loc and Up/Dn Loc Name indicate Third Party information is not applicable.,892265,CHIPPROC/CIG (ANA) ANABUTTES RECEIP,R,UINTAH,UT,PLT,CIG ML,CIG ML,112,Y,A,20240901,,Y,CHIPETA PROCESSING LLC,827469144,8399,N,,,,,,20240918 12:00
6914865,COLORADO INTERSTATE GAS CO.,C000981,20260331 09:39,Blanks under Up/Dn Loc and Up/Dn Loc Name indicate Third Party information is not applicable.,892268,WRH/CIG (FLT) FLAT TOP RECEIPT RIO,R,RIO BLANCO,CO,INT,CIG ML,CIG ML,124,Y,A,20230203,,Y,WHITE RIVER HUB LLC,828611181,4879,Y,C001089,40602,FLAT TOP (CIG),,,20230203 15:00
6914865,COLORADO INTERSTATE GAS CO.,C000981,20260331 09:39,Blanks under Up/Dn Loc and Up/Dn Loc Name indicate Third Party information is not applicable.,892275,TALLGRAS/CIG (VIT) VALLERY IRRIGATI,D,WELD,CO,END,CIG ML,CIG ML,255,Y,A,20240901,,Y,TALLGRASS INTERSTATE GAS TRANSMISSION  LLC,828257431,18,Y,C000597,1549,CIG/TIGT COLORADO IRR TAP MORGAN,,,20240917 12:00
6914865,COLORADO INTERSTATE GAS CO.,C000981,20260331 09:39,Blanks under Up/Dn Loc and Up/Dn Loc Name indicate Third Party information is not applicable.,892291,PSCC/CIG (RIF) RIFLE DELIVERY GARFI,D,GARFIELD,CO,LDC,CIG ML,CIG ML,116,Y,A,20240901,,Y,PUBLIC SERVICE COMPANY OF COLORADO,6915953,26349,Y,C000821,RIF,RIFLE-CIG GREAT DIVIDE LAT CM,,,20240917 12:00
6914865,COLORADO INTERSTATE GAS CO.,C000981,20260331 09:39,Blanks under Up/Dn Loc and Up/Dn Loc Name indicate Third Party information is not applicable.,892306,TRISTATE/CIG (MLT) MILTON PP WELD,D,WELD,CO,EGN,CIG ML,CIG ML,218,Y,A,20240901,,Y,TRI-STATE GENERATION AND TRANSMISSION ASSOCIATION  INC.,960572006,7793,N,,,,,,20240917 12:00
6914865,COLORADO INTERSTATE GAS CO.,C000981,20260331 09:39,Blanks under Up/Dn Loc and Up/Dn Loc Name indicate Third Party information is not applicable.,892311,LUCIDART/CIG (BGH) BIG HOLE GULCH R,R,MOFFAT,CO,GTH,CIG ML,CIG ML,124,N,I,,20191121,Y,LUCID ARTESIA COMPANY,938237294,1467,N,,,,,,20200827 15:00
6914865,COLORADO INTERSTATE GAS CO.,C000981,20260331 09:39,Blanks under Up/Dn Loc and Up/Dn Loc Name indicate Third Party information is not applicable.,892315,BHSC/CIG (BWF) BLACK WOLF PP PUEBLO,D,PUEBLO,CO,EGN,CIG NR2,CIG NR2,240,Y,A,20221215,,Y,BLACK HILLS SERVICE COMPANY  LLC,79534838,10500,N,,,,,,20221216 09:00
6914865,COLORADO INTERSTATE GAS CO.,C000981,20260331 09:39,Blanks under Up/Dn Loc and Up/Dn Loc Name indicate Third Party information is not applicable.,892318,WAMSUTT/CIG (NWD) NORTH WAMSUTTER D,D,SWEETWATER,WY,GTH,CIG ML,CIG ML,128,Y,A,20240901,,Y,WAMSUTTER LLC,931124309,4733,N,,,,,,20240918 12:00
6914865,COLORADO INTERSTATE GAS CO.,C000981,20260331 09:39,Blanks under Up/Dn Loc and Up/Dn Loc Name indicate Third Party information is not applicable.,892328,QGC/CIG (FTH) FOOTHILLS DELIVERY SW,D,SWEETWATER,WY,LDC,CIG ML,CIG ML,108,Y,A,20240901,,Y,QUESTAR GAS COMPANY,7939069,3034,Y,C011718,892238,(FTH) FOOTHILLS DELIVERY,,,20240917 12:00
6914865,COLORADO INTERSTATE GAS CO.,C000981,20260331 09:39,Blanks under Up/Dn Loc and Up/Dn Loc Name indicate Third Party information is not applicable.,892329,DIAMOND/CIG (MRD) MCKEE REFINERY DE,D,MOORE,TX,END,CIG ML,CIG ML,296,Y,A,20230203,,Y,DIAMOND SHAMROCK REFINING COMPANY L,137698242,8255,N,,,,,,20230203 15:00
6914865,COLORADO INTERSTATE GAS CO.,C000981,20260331 09:39,Blanks under Up/Dn Loc and Up/Dn Loc Name indicate Third Party information is not applicable.,892331,WIEPKING/CIG (GPR) GREAT PLAINS REC,R,LINCOLN,CO,GTH,CIG ML,CIG ML,262,N,I,,20240901,Y,WIEPKING-FULLERTON ENERGY  LLC,39142773,5203,N,,,,,,20240918 12:00
6914865,COLORADO INTERSTATE GAS CO.,C000981,20260331 09:39,Blanks under Up/Dn Loc and Up/Dn Loc Name indicate Third Party information is not applicable.,892332,AETHON/CIG (GUN) GUN BARREL DELIVER,D,FREMONT,WY,END,CIG ML,CIG ML,150,N,I,,20230908,Y,AETHON ENERGY OPERATING LLC,,9445,N,,,,,,20230908 15:09
6914865,COLORADO INTERSTATE GAS CO.,C000981,20260331 09:39,Blanks under Up/Dn Loc and Up/Dn Loc Name indicate Third Party information is not applicable.,894180,MGR/CIG (PAT) PATRICK DRAW PLANT SW,R,SWEETWATER,WY,PLT,CIG ML,CIG ML,110,N,A,20240901,,Y,MOUNTAIN GAS RESOURCES LLC,877395558,19791,N,,,,,,20240918 12:00
6914865,COLORADO INTERSTATE GAS CO.,C000981,20260331 09:39,Blanks under Up/Dn Loc and Up/Dn Loc Name indicate Third Party information is not applicable.,894500,WESTOPER/CIG (VAL) VALLERY PLANT MO,R,MORGAN,CO,PLT,CIG ML,CIG ML,255,Y,A,20250402,,Y,WESTERN OPERATING CO.,54317219,2442,N,,,,,,20250403 09:00
6914865,COLORADO INTERSTATE GAS CO.,C000981,20260331 09:39,Blanks under Up/Dn Loc and Up/Dn Loc Name indicate Third Party information is not applicable.,895002,ET G&P/CIG (MOC) MOCANE BEAVER,R,BEAVER,OK,PLT,CIG ML,CIG ML,290,Y,A,20240901,,Y,ET GATHERING & PROCESSING LLC,32377308,3862,Y,C012199,895002,(MOC) MOCANE,,,20240917 12:00
6914865,COLORADO INTERSTATE GAS CO.,C000981,20260331 09:39,Blanks under Up/Dn Loc and Up/Dn Loc Name indicate Third Party information is not applicable.,895008,MGR/CIG (TAB) TABLE ROCK MASTER MET,R,SWEETWATER,WY,GTH,CIG ML,CIG ML,110,Y,A,20240901,,Y,MOUNTAIN GAS RESOURCES LLC,877395558,19791,N,,,,,,20240917 12:00
6914865,COLORADO INTERSTATE GAS CO.,C000981,20260331 09:39,Blanks under Up/Dn Loc and Up/Dn Loc Name indicate Third Party information is not applicable.,895009,MGR/CIG (LOS) LOST CABIN FREMONT,R,FREMONT,WY,GTH,CIG ML,CIG ML,136,Y,A,20240901,,Y,MOUNTAIN GAS RESOURCES LLC,877395558,19791,N,,,,,,20240917 12:00
6914865,COLORADO INTERSTATE GAS CO.,C000981,20260331 09:39,Blanks under Up/Dn Loc and Up/Dn Loc Name indicate Third Party information is not applicable.,896002,TPC/WIC (DUL) DULLKNIFE METER STATI,D,WELD,CO,INT,WIC ML,WIC ML,450,Y,A,20220331,,Y,TRAILBLAZER PIPELINE COMPANY LLC,13665749,24,Y,C000229,5001,WIC/TPC DULL KNIFE WELD,,,20220401 09:00
6914865,COLORADO INTERSTATE GAS CO.,C000981,20260331 09:39,Blanks under Up/Dn Loc and Up/Dn Loc Name indicate Third Party information is not applicable.,896017,MGR/WIC (WAP) WAPITI SWEETWATER,R,SWEETWATER,WY,PLT,WIC ML,WIC ML,412,N,I,,20221019,Y,MOUNTAIN GAS RESOURCES LLC,877395558,19791,N,,,,,,20221118 15:00
6914865,COLORADO INTERSTATE GAS CO.,C000981,20260331 09:39,Blanks under Up/Dn Loc and Up/Dn Loc Name indicate Third Party information is not applicable.,896018,PSCC/WIC (LTW) LITTLE WOLF WELD,D,WELD,CO,INT,WIC ML,WIC ML,450,Y,A,20240901,,Y,PUBLIC SERVICE COMPANY OF COLORADO,6915953,26349,Y,C000821,LTW,WIC LITTLE WOLF,,,20240917 12:00
6914865,COLORADO INTERSTATE GAS CO.,C000981,20260331 09:39,Blanks under Up/Dn Loc and Up/Dn Loc Name indicate Third Party information is not applicable.,896021,TALLGRAS/WIC (RKP) ROCKPORT WELD,D,WELD,CO,INT,WIC ML,WIC ML,450,Y,A,20221215,,Y,TALLGRASS INTERSTATE GAS TRANSMISSION  LLC,828257431,18,Y,C000597,9663,WIC/TIGT ROCKPORT WELD,,,20221216 09:00
6914865,COLORADO INTERSTATE GAS CO.,C000981,20260331 09:39,Blanks under Up/Dn Loc and Up/Dn Loc Name indicate Third Party information is not applicable.,896026,PSCC/WIC (OWL) OWL CREEK WELD,D,WELD,CO,INT,WIC ML,WIC ML,443,Y,A,20230203,,Y,PUBLIC SERVICE COMPANY OF COLORADO,6915953,26349,Y,C000821,OWL,WIC OWL CREEK,,,20230203 15:00
6914865,COLORADO INTERSTATE GAS CO.,C000981,20260331 09:39,Blanks under Up/Dn Loc and Up/Dn Loc Name indicate Third Party information is not applicable.,896029,THUNCRK/WIC (TCR) THUNDER CREEK CON,R,CONVERSE,WY,PLT,WIC MB,WIC MB,440,Y,A,20230418,,Y,THUNDER CREEK GAS SERVICES  L.L.C.,69546708,3726,N,,,,,,20230418 15:00
6914865,COLORADO INTERSTATE GAS CO.,C000981,20260331 09:39,Blanks under Up/Dn Loc and Up/Dn Loc Name indicate Third Party information is not applicable.,896030,THUNCRK/CIG (NBR) NATURAL BRIDGE CO,R,CONVERSE,WY,PLT,CIG ML,CIG ML,160,N,I,,20250402,Y,THUNDER CREEK GAS SERVICES  L.L.C.,69546708,3726,N,,,,,,20250402 15:00
6914865,COLORADO INTERSTATE GAS CO.,C000981,20260331 09:39,Blanks under Up/Dn Loc and Up/Dn Loc Name indicate Third Party information is not applicable.,896031,FUGG/WIC (MBW) MEDICINE BOW CONVERS,R,CONVERSE,WY,GTH,MBW,MBW,470,Y,A,20230223,,Y,FORT UNION GAS GATHERING  L.L.C.,82501219,2982,N,,,,,,20231101 09:00
6914865,COLORADO INTERSTATE GAS CO.,C000981,20260331 09:39,Blanks under Up/Dn Loc and Up/Dn Loc Name indicate Third Party information is not applicable.,896032,FUGG/CIG (NPT) NORTH PLATTE CONVERS,R,CONVERSE,WY,GTH,CIG ML,CIG ML,160,N,I,,20230223,Y,FORT UNION GAS GATHERING  L.L.C.,82501219,2982,N,,,,,,20230223 09:00
6914865,COLORADO INTERSTATE GAS CO.,C000981,20260331 09:39,Blanks under Up/Dn Loc and Up/Dn Loc Name indicate Third Party information is not applicable.,896043,LOST CRK/WIC (LCW) LOST CREEK WIC S,R,SWEETWATER,WY,GTH,WIC ML,WIC ML,416,N,I,,20240901,Y,LOST CREEK GATHERING COMPANY  L.L.C.,124640967,4568,N,,,,,,20240917 12:00
6914865,COLORADO INTERSTATE GAS CO.,C000981,20260331 09:39,Blanks under Up/Dn Loc and Up/Dn Loc Name indicate Third Party information is not applicable.,896046,PSCC/CIG (PON) PONDEROSA WELD,D,WELD,CO,INT,CIG ML,CIG ML,174,Y,A,20251009,,Y,PUBLIC SERVICE COMPANY OF COLORADO,6915953,26349,Y,C000821,PON,CIG PONDEROSA,,,20251014 09:00
6914865,COLORADO INTERSTATE GAS CO.,C000981,20260331 09:39,Blanks under Up/Dn Loc and Up/Dn Loc Name indicate Third Party information is not applicable.,896054,WAMSUTT/WIC (CRE) CRESTON CARBON,R,CARBON,WY,PLT,WIC ML,WIC ML,428,Y,A,20221215,,Y,WAMSUTTER LLC,931124309,4733,N,,,,,,20221216 09:00
6914865,COLORADO INTERSTATE GAS CO.,C000981,20260331 09:39,Blanks under Up/Dn Loc and Up/Dn Loc Name indicate Third Party information is not applicable.,896060,TALLGRAS/WIC (CTW) COTTONWOOD INTER,R,CONVERSE,WY,INT,WIC MB,WIC MB,440,Y,A,20230418,,Y,TALLGRASS INTERSTATE GAS TRANSMISSION  LLC,828257431,18,Y,C000597,42438,WIC/TIGT COTTONWOOD DEL. CONVERSE,,,20230418 15:00
6914865,COLORADO INTERSTATE GAS CO.,C000981,20260331 09:39,Blanks under Up/Dn Loc and Up/Dn Loc Name indicate Third Party information is not applicable.,896062,PARACHUT/WIC (RBL) RIO BLANCO RIO B,R,RIO BLANCO,CO,PLT,WIC PC,WIC PC,422,Y,A,20230418,,Y,PARACHUTE PIPELINE LLC,831279497,8278,N,,,,,,20230418 15:00
6914865,COLORADO INTERSTATE GAS CO.,C000981,20260331 09:39,Blanks under Up/Dn Loc and Up/Dn Loc Name indicate Third Party information is not applicable.,896080,NW P/L/WIC (SLD) SILVER DOME DELIVE,D,UINTAH,UT,INT,WIC KL,WIC KL,404,Y,A,20240901,,Y,NORTHWEST PIPELINE LLC,67977322,2955,Y,C000640,711,SILVER DOME METER STATION,,,20240917 12:00
6914865,COLORADO INTERSTATE GAS CO.,C000981,20260331 09:39,Blanks under Up/Dn Loc and Up/Dn Loc Name indicate Third Party information is not applicable.,896084,REX/WIC (STB) SITTING BULL DELIVERY,D,WELD,CO,INT,WIC ML,WIC ML,450,Y,A,20200210,,Y,ROCKIES EXPRESS PIPELINE LLC,784256161,955,Y,C000594,42722,WIC/REX SITTING BULL WELD,,,20200827 15:00
6914865,COLORADO INTERSTATE GAS CO.,C000981,20260331 09:39,Blanks under Up/Dn Loc and Up/Dn Loc Name indicate Third Party information is not applicable.,896087,PSCC/CIG (BAN) BANNER LAKE PP WELD,D,WELD,CO,EGN,CIG HP,CIG HP,248,Y,A,20221215,,Y,PUBLIC SERVICE COMPANY OF COLORADO,6915953,26349,Y,C000821,896087,PSCC/CIG (BAN) BANNER LAKE DELIVERY,,,20221216 09:00
6914865,COLORADO INTERSTATE GAS CO.,C000981,20260331 09:39,Blanks under Up/Dn Loc and Up/Dn Loc Name indicate Third Party information is not applicable.,896091,PSCC/CIG (DER) DERBY LAKE DELIVERY,D,ADAMS,CO,LDC,CIG HP,CIG HP,254,Y,A,20251009,,Y,PUBLIC SERVICE COMPANY OF COLORADO,6915953,26349,Y,C000821,DER,CIG DERBY LAKE,,,20251014 09:00
6914865,COLORADO INTERSTATE GAS CO.,C000981,20260331 09:39,Blanks under Up/Dn Loc and Up/Dn Loc Name indicate Third Party information is not applicable.,896094,PSCC/CIG (PCK) PORCUPINE CREEK PP M,D,MORGAN,CO,EGN,CIG HP,CIG HP,250,Y,A,20230203,,Y,PUBLIC SERVICE COMPANY OF COLORADO,6915953,26349,Y,C000821,PCK,CIG PORCUPINE CREEK,,,20230203 15:00
6914865,COLORADO INTERSTATE GAS CO.,C000981,20260331 09:39,Blanks under Up/Dn Loc and Up/Dn Loc Name indicate Third Party information is not applicable.,896095,PSCC/CIG (RMP) RED MAPLE PP ADAMS,D,ADAMS,CO,EGN,CIG HP,CIG HP,254,Y,A,20221215,,Y,PUBLIC SERVICE COMPANY OF COLORADO,6915953,26349,Y,C000821,896095,PSCC/CIG (RMP) RED MAPLE DELIVERY,,,20221216 09:00
6914865,COLORADO INTERSTATE GAS CO.,C000981,20260331 09:39,Blanks under Up/Dn Loc and Up/Dn Loc Name indicate Third Party information is not applicable.,896107,ANDEAVOR/WIC (BZD) BRONZE DOME RECE,R,UINTAH,UT,PLT,WIC KL,WIC KL,402,Y,A,20241011,,Y,ANDEAVOR FIELD SERVICES LLC,79610667,9354,N,,,,,,20241011 12:00
6914865,COLORADO INTERSTATE GAS CO.,C000981,20260331 09:39,Blanks under Up/Dn Loc and Up/Dn Loc Name indicate Third Party information is not applicable.,896114,MW OVR/WIC (TML) THREEMILE DELIVERY,D,SWEETWATER,WY,INT,WIC ML,WIC ML,418,Y,A,20221215,,Y,MOUNTAINWEST OVERTHRUST PIPELINE  LLC,843758483,3045,Y,C001087,10031,WIC WAMSUTTER (REC),,,20221216 09:00
6914865,COLORADO INTERSTATE GAS CO.,C000981,20260331 09:39,Blanks under Up/Dn Loc and Up/Dn Loc Name indicate Third Party information is not applicable.,897040,BHWYGAS/CIG (COD) CODY DELIVERY PAR,D,PARK,WY,LDC,CIG ML,CIG ML,144,Y,A,20251009,,Y,BLACK HILLS WYOMING GAS  LLC,117003540,10654,Y,C010420,897040,BHWYGAS/CIG (COD) CODY DELIVERY PAR,,,20251014 09:00
6914865,COLORADO INTERSTATE GAS CO.,C000981,20260331 09:39,Blanks under Up/Dn Loc and Up/Dn Loc Name indicate Third Party information is not applicable.,941002,MW OVR/RUBY (TPZ) TOPAZ RIDGE RECEI,D,LINCOLN,WY,INT,OT,OT,936,Y,A,20201201,,Y,MOUNTAINWEST OVERTHRUST PIPELINE  LLC,843758483,3045,Y,C001087,10030,RUBY TOPAZ DELIVERY,,,20220419 09:00
6914865,COLORADO INTERSTATE GAS CO.,C000981,20260331 09:39,Blanks under Up/Dn Loc and Up/Dn Loc Name indicate Third Party information is not applicable.,965742,SMITH EN/CIG (NIO) NIOBRARA TOTAL R,R,ADAMS,CO,GTH,CIG ML,CIG ML,259,Y,A,20240901,,Y,SMITH ENERGY LLC,81089603,10247,N,,,,,,20240917 12:00
